text_id	word_id	word	surprisal	surprisal_buggy
0	0	En	18.32756805419922	16.689243
0	1	las	6.586626021657139	8.770161
0	2	antiguas	6.311968276742846	6.312356
0	3	mitología	12.81576464138925	12.795889
0	4	y	4.846802323125303	4.864695
0	5	religión	2.8684250861406326	2.8279955
0	6	romana,	3.9884473951533437	4.03136
0	7	Jano	13.523013055324554	13.226887
0	8	es	3.0975109338760376	3.3887625
0	9	el	1.2023249076446518	1.2128304
0	10	dios	0.8039561901241541	0.798993
0	11	de	0.8119755143998191	0.81718063
0	12	los	1.757960895774886	1.7562244
0	13	comienzos	7.613054603338242	7.175416
0	14	y	0.8358400436118245	1.2654469
0	15	las	3.1785790896974504	3.186184
0	16	puertas,	7.158558316528797	7.156516
0	17	Él	10.00068580172956	9.988296
0	18	tiene	3.9996801633387804	4.0142713
0	19	una	1.9192021321505308	1.9206392
0	20	doble	3.750721074640751	3.7499464
0	21	naturaleza,	3.791334653738886	3.7888327
0	22	y	3.2168289590626955	3.2026448
0	23	generalmente	6.256453316658735	6.2323112
0	24	se	1.2481151025276631	1.2884814
0	25	lo	3.3430690655950457	3.343938
0	26	representa	1.5619620913639665	1.5588073
0	27	con	1.5288253016769886	1.5316919
0	28	dos	1.8197546997107565	1.819662
0	29	caras,	7.561332935467362	7.5607285
0	30	ya	4.551500923116691	4.5528383
0	31	que	0.6963831335306168	0.6793989
0	32	él	3.6973346206359565	3.7096882
0	33	mira	8.873740943148732	8.849943
0	34	hacia	0.43683704448631033	0.46609393
0	35	el	1.7246790702920407	1.7240616
0	36	futuro	4.3592169880867	3.7225223
0	37	y	0.5646338500082493	1.19306
0	38	hacia	3.230239294061903	3.238967
0	39	el	0.9702743559610099	0.9699059
0	40	pasado.	1.1447289437055588	0.79768455
0	41	Jano	2.254792395979166	2.562847
0	42	presidía	11.797007298097014	11.828664
0	43	el	1.679152495926246	1.6863564
0	44	comienzo	3.8420270532369614	3.7411523
0	45	y	0.8599250419065356	0.9538057
0	46	el	1.3106107308994979	1.3165772
0	47	final	2.4332151412963867	2.2038739
0	48	de	0.34002712076471653	0.5714618
0	49	los	1.6570580409606919	1.6570057
0	50	conflictos,	8.674293234478682	8.671388
0	51	y	1.2398159261792898	1.233892
0	52	por	4.09275562944822	4.1008782
0	53	lo	0.5922987484664191	0.5932208
0	54	tanto	0.36920876801013947	0.076148584
0	55	la	3.4857865064404905	3.7777624
0	56	guerra	2.8846055269241333	2.2035863
0	57	y	1.5775281079113483	2.2563365
0	58	la	0.3985296981118154	0.40157944
0	59	paz.	1.4635576605796814	1.1512661
0	60	Las	4.811722724116407	5.122844
0	61	puertas	2.6473978757858276	2.61344
0	62	de	1.4932602347107604	1.5269245
0	63	su	4.199099682504311	4.1977425
0	64	templo	2.4635796658694744	2.412494
0	65	se	2.092716269311495	2.145852
0	66	abrían	1.9536985531449318	1.9258015
0	67	en	2.113937836140394	2.1416426
0	68	tiempos	4.218712752684951	4.212023
0	69	de	0.45304236374795437	0.4601931
0	70	guerra	2.01181960105896	1.1463132
0	71	y	0.5501844231039286	1.3920753
0	72	se	2.1302019829745404	2.154327
0	73	cerraban	0.3355926088988781	0.31989098
0	74	durante	4.059633541328367	4.075064
0	75	los	1.812912293476984	1.8127881
0	76	momentos	3.655298243975267	3.6554904
0	77	de	0.1641096958774142	0.16453165
0	78	paz.	0.695193774998188	0.33774537
0	79	Como	4.635277484776452	4.990936
0	80	dios	4.389497105032206	4.3362503
0	81	de	0.4873000443330966	0.54192466
0	82	las	2.1203708277316764	2.1196082
0	83	puertas,	1.3270372177939862	1.3264713
0	84	a	5.766482962761074	5.7646523
0	85	él	5.18003150774166	5.18069
0	86	también	3.5301258983672597	3.5328376
0	87	se	0.11142052854120266	0.11157691
0	88	lo	2.754935901670251	2.7541761
0	89	asociaba	6.932222897186875	6.928602
0	90	con	0.12377371412003413	0.12734428
0	91	la	0.8523860825225711	0.8523272
0	92	entrada	6.329646751284599	6.1443725
0	93	y	1.1982279005460441	1.3826032
0	94	la	0.7628861856064759	0.76459235
0	95	salida	0.576021671295166	0.10538503
0	96	de	0.4418614293099381	0.9124166
0	97	las	1.3434773627086543	1.3434254
0	98	puertas	3.869471848011017	2.9344046
0	99	de	0.7929243688704446	1.7279104
0	100	los	1.741608523472678	1.7414849
0	101	hogares.	4.693806242517894	4.2910056
0	102	Jano	1.9185454621911049	2.2994182
0	103	frecuentemente	7.690312710707076	7.711101
0	104	simbolizaba	4.466323534026742	4.463452
0	105	el	1.541884071426466	1.5457278
0	106	cambio	4.882635086774826	4.4809775
0	107	y	1.354502749396488	1.7538652
0	108	las	3.927127896575257	3.9295273
0	109	transiciones,	6.467549392720684	6.467018
0	110	como	3.760898212902248	3.7566752
0	111	el	2.3324211253784597	2.3371706
0	112	progreso	7.190811633966405	6.887033
0	113	de	1.9552092671656283	2.2594335
0	114	una	2.265654355403967	2.2655644
0	115	condición	7.354886993765831	7.1761823
0	116	a	2.100561744577135	2.2793965
0	117	otra,	1.47883968957467	1.4781705
0	118	y	1.4881722358986735	1.480012
0	119	el	2.3328403176856227	2.3411021
0	120	crecimiento	3.866148963570595	3.6607358
0	121	de	1.0661145540652797	1.2720741
0	122	los	3.6338757209305186	3.633537
0	123	jóvenes	5.548888444900513	4.5403314
0	124	a	3.897458167048171	4.905174
0	125	la	1.9541764045425225	1.95505
0	126	adultez.	6.264723534230143	5.8737125
0	127	Por	3.26958793355152	3.6573367
0	128	eso,	3.918832217110321	3.9212186
0	129	Jano	1.4660225957632065	1.4535359
0	130	era	1.3980113021098077	1.4048721
0	131	adorado	4.978070256300271	4.9747562
0	132	al	6.2172846018802375	6.224025
0	133	comienzo	2.358507003635168	2.3113258
0	134	de	0.3376062826173438	0.38824946
0	135	los	2.030504479072988	2.0303936
0	136	tiempos	1.7832981944084167	1.3862262
0	137	de	1.3615840047423262	1.7584867
0	138	cosecha	5.964589763432741	5.2396374
0	139	y	0.40747204795479774	1.1176432
0	140	cultivo,	5.528315369505435	5.542582
0	141	así	3.810960667207837	3.811018
0	142	como	0.05588827235624194	0.05313148
0	143	en	1.3698889105580747	1.3728266
0	144	los	1.3510812456370331	1.351368
0	145	matrimonios,	9.56278327840846	9.561963
0	146	las	3.1469463154207915	3.1473958
0	147	muertes,	9.528651461208938	9.528866
0	148	y	1.4690886843018234	1.4657216
0	149	otros	4.891106476075947	4.8920493
0	150	comienzos.	9.064038425683975	8.768169
0	151	Jano	1.6762279411777854	1.9593351
0	152	no	5.3810422458918765	5.3962154
0	153	tenía	2.6816937681287527	2.6806612
0	154	un	1.651054008398205	1.6515057
0	155	sacerdote	7.959607005119324	7.341004
0	156	especializado	4.947831809520721	4.9144382
0	157	dedicado	6.177897237241268	6.7097526
0	158	a	0.34412364359013736	0.46518803
0	159	él,	1.1837840350926854	1.1832094
0	160	sino	1.3777127388166264	1.3769679
0	161	que	0.1734198983758688	0.15469083
0	162	el	3.5798211485380307	3.598702
0	163	sacerdote	1.8992026802152395	1.8873683
0	164	máximo	7.915737636387348	7.883857
0	165	mismo	10.367593362927437	10.266023
0	166	llevaba	4.989808881888166	5.1357365
0	167	a	1.0695587441296084	1.0701443
0	168	cabo	0.18176041927654296	0.18063088
0	169	las	1.9009946612204658	1.9021446
0	170	ceremonias.	2.4130888774634514	2.0872512
0	171	Jano	1.6621279087848961	1.9692647
0	172	representaba	5.069250501692295	5.073511
0	173	el	1.6497857066278812	1.6639291
0	174	punto	6.1231925612082705	6.121697
0	175	medio	4.691509023308754	4.650375
0	176	entre	0.3193513209698722	0.3618529
0	177	la	1.5528682028816547	1.5529801
0	178	barbarie	8.325180903077126	8.295744
0	179	y	0.07774567730666604	0.10743808
0	180	la	0.2700992659665644	0.27006695
0	181	civilización,	2.6155477958964184	2.6147127
0	182	el	2.984088516619522	2.9844322
0	183	espacio	5.987564967945218	5.9624987
0	184	rural	8.22089509665966	8.103347
0	185	y	0.28303656878415495	0.42535123
0	186	el	0.6370287727622781	0.6375874
0	187	urbano,	2.290440419630613	2.2901769
0	188	la	1.9452576000476256	1.9455845
0	189	juventud	5.676918778568506	5.636237
0	190	y	0.10963817749870941	0.15037782
0	191	la	0.21924312599003315	0.2192668
0	192	adultez.	5.848223729641177	5.559155
0	193	Los	3.6781404411012772	3.9671807
0	194	antiguos	3.220644132932648	3.2194479
0	195	griegos	2.4313006475540533	2.376413
0	196	no	4.775055725243874	4.8299828
0	197	tenían	2.368899771012366	2.3682604
0	198	un	1.4206091752275825	1.4221991
0	199	equivalente	5.870619373396039	5.857551
0	200	a	2.3042480068688747	2.3173757
0	201	Jano,	0.9784954634960741	0.97839046
0	202	a	4.264718264341354	4.2616353
0	203	quienes	6.314782412722707	6.3099456
0	204	los	2.683761609281646	2.6920545
0	205	romanos	0.45486842654645443	0.44570434
0	206	aclamaban	10.135658338665962	10.104187
0	207	como	0.5500232924241573	0.58853674
0	208	distintivamente	19.68646265519783	19.683804
0	209	suyo.	10.609226793050766	10.313115
1	0	La	15.981478542089462	16.193132
1	1	señal	11.360225297510624	11.6115265
1	2	de	1.347436876501888	1.4305437
1	3	Shaka	13.95394915342331	13.482517
1	4	es	3.3854222632944584	3.82109
1	5	un	1.8071173001080751	1.8405006
1	6	gesto	8.875602420419455	8.840752
1	7	típico	6.017168238759041	6.0017633
1	8	de	0.6134860692545772	0.6681898
1	9	saludo	10.838922515511513	10.633122
1	10	que	2.133547365665436	2.3267217
1	11	se	1.0373210476245731	1.0520616
1	12	suele	3.5552685181610286	3.5556479
1	13	asociar	7.795803395099938	7.7896757
1	14	con	0.7248137230053544	0.7252592
1	15	Hawái	10.100662656128407	9.108968
1	16	y	0.9111120253801346	1.8980625
1	17	con	3.3081474928185344	3.3117194
1	18	la	1.594296453287825	1.5995399
1	19	cultura	2.040780410170555	2.0087361
1	20	del	2.5593797364272177	2.5899768
1	21	surf.	4.7843180894851685	4.4862823
1	22	Se	3.237685112282634	3.5352576
1	23	hace	4.15003096871078	4.1454816
1	24	extendiendo	9.305474602151662	9.308187
1	25	el	1.8204398737289011	1.8241723
1	26	pulgar	6.189224170520902	6.161568
1	27	y	3.3892992101609707	3.399805
1	28	el	1.7928511342033744	1.8096497
1	29	dedo	0.6827337438589893	0.6719618
1	30	meñique	6.3499006647616625	6.182533
1	31	mientras	4.121856609359384	4.296459
1	32	los	5.205303899478167	5.206195
1	33	demás	3.0289114452898502	3.027674
1	34	dedos	2.1305489749647677	2.131584
1	35	permanecen	4.42240731511265	4.4253116
1	36	doblados	7.055426711216569	6.4768195
1	37	levantando	8.245009889826179	8.822378
1	38	la	1.044817763613537	1.0474014
1	39	mano	1.9460284858942032	1.7010874
1	40	como	4.074568503652699	4.3210354
1	41	para	3.3659459371119738	3.362119
1	42	saludar.	5.894389353692532	5.3485584
1	43	En	3.5175033509731293	4.0485077
1	44	ocasiones,	4.924248703755438	4.939004
1	45	se	1.7074283715337515	1.7107667
1	46	agita	9.28639574162662	9.273114
1	47	la	1.325050264596939	1.3390596
1	48	mano	0.6359149888157845	0.53398854
1	49	de	3.2579736444167793	3.3578238
1	50	un	2.9890959339682013	2.9901867
1	51	lado	0.44571432285010815	0.42585036
1	52	a	0.9915051134885289	1.0130572
1	53	otro	0.3212708872742951	0.0076755597
1	54	para	1.39217423601076	1.70135
1	55	enfatizar	6.294029389508069	6.2844872
1	56	el	1.2980832068715245	1.3119326
1	57	gesto.	1.4753152579069138	0.8151483
1	58	La	1.7496079923585057	2.4067104
1	59	señal	0.6080697402358055	0.6002722
1	60	es	3.02441533934325	3.0245261
1	61	similar	3.2637220229953527	3.2618976
1	62	a	0.309458420611918	0.31176138
1	63	la	0.47570562455803156	0.48257554
1	64	letra	6.444975913502276	6.4398313
1	65	"""Y"""	6.938361933454871	6.9190397
1	66	en	1.2870284039527178	1.3126742
1	67	la	1.9356980139855295	1.935198
1	68	lengua	3.00725355790928	3.005541
1	69	de	2.4438672137912363	2.446618
1	70	signos	5.380370453000069	5.2964973
1	71	americana,	5.696548331528902	5.7679443
1	72	en	3.946272645611316	3.9547184
1	73	la	0.8377523309318349	0.8428114
1	74	que	0.36744546331465244	0.35722256
1	75	se	1.7461516906041652	1.75543
1	76	hace	5.061047723051161	5.056541
1	77	un	2.4288377400953323	2.4321375
1	78	puño	9.008167948573828	8.967717
1	79	extendiendo	7.158539596945047	7.1978903
1	80	sólo	7.3338285172358155	7.3372827
1	81	el	0.8870763122104108	0.88709104
1	82	pulgar	2.16951168164087	1.7410972
1	83	y	0.6831612908281386	1.1049051
1	84	el	0.6113308012136258	0.61849606
1	85	meñique.	8.55919033556711	7.76207
1	86	Se	3.555317215854302	4.349325
1	87	desconoce	8.18019437501789	8.179864
1	88	el	1.3993739359430037	1.4029862
1	89	origen	1.2838817816227674	1.2586803
1	90	exacto,	7.787043185642688	7.8113055
1	91	aunque	2.0833494858816266	2.0772347
1	92	algunos	2.4628819146892056	2.4682925
1	93	relacionan	7.04268469568342	7.0315647
1	94	el	1.785419489024207	1.7974875
1	95	origen	3.7284082151018083	3.7265208
1	96	de	0.9403419455047697	0.94254637
1	97	la	0.43055363703751937	0.430402
1	98	señal	0.21249161614105105	0.20566194
1	99	con	0.20347591780591756	0.20947056
1	100	los	2.4500298645580187	2.4498987
1	101	inmigrantes	6.406744360923767	6.374865
1	102	españoles	3.960593119263649	3.7801058
1	103	de	2.5181615935871378	2.7314188
1	104	Hawái,	2.6884433137020096	2.6855958
1	105	que	1.3716730871237814	1.3681515
1	106	plegaban	12.36220967117697	12.367101
1	107	sus	1.1815616750973277	1.1833115
1	108	dedos	6.28933030529879	6.271646
1	109	del	5.363035596907139	5.310691
1	110	medio	4.315102078020573	4.3655787
1	111	y	4.025186270475388	4.037849
1	112	se	2.6189541154308245	2.6250653
1	113	llevaban	5.471424110932276	5.4705935
1	114	sus	3.4277759077958763	3.4254832
1	115	pulgares	3.8839171584695578	3.8011658
1	116	a	2.456698809051886	2.5409305
1	117	sus	4.163942618528381	4.165059
1	118	labios	5.009511443320662	4.481893
1	119	como	3.0064171203412116	3.5354443
1	120	un	2.4425339529116172	2.4426181
1	121	gesto	0.6447604596614838	0.6440937
1	122	amistoso	7.49476296044304	6.5045733
1	123	que	3.298921149224043	4.2792006
1	124	representaba	5.705734126269817	5.7086396
1	125	compartir	11.325617408379912	11.0873165
1	126	un	2.1586521667195484	2.403396
1	127	trago	7.187498033046722	6.4784174
1	128	con	1.2789285322651267	1.9877596
1	129	los	1.6304859844967723	1.6312428
1	130	nativos	4.776599645614624	3.5786047
1	131	que	3.819421526044607	5.00996
1	132	encontraban	5.539571993052959	5.4508653
1	133	allá.	8.873472586274147	8.129804
1	134	Otra	5.855028689606115	6.6949415
1	135	teoría	1.9513703361153603	1.9124736
1	136	del	6.110971571702976	6.15036
1	137	origen	0.039434464648365974	0.021223696
1	138	del	2.845887797069736	2.8639848
1	139	Shaka	5.614503957331181	5.5356984
1	140	proviene	5.5376880541443825	5.615034
1	141	de	0.22800836007809266	0.22969335
1	142	la	1.073282562836539	1.0731364
1	143	historia	3.767677741125226	3.7454774
1	144	de	0.5495701086474583	0.5717672
1	145	un	2.149326912302058	2.1493812
1	146	surfista	4.130327036604285	4.0608687
1	147	que	1.6688430272042751	1.6841611
1	148	fue	3.0490219275816344	3.1031034
1	149	atacado	3.605609209742397	3.5974655
1	150	por	0.3272925953497179	0.33581924
1	151	un	0.8969370293198153	0.89667577
1	152	tiburón.	6.052479798760032	5.9461946
1	153	En	2.4608539789915085	2.430141
1	154	el	2.0015639385965187	2.138656
1	155	ataque,	3.86195436574053	3.8621202
1	156	éste	5.738433695398271	5.728162
1	157	perdió	5.831415984896012	5.8415184
1	158	los	2.8489109927759273	2.8492389
1	159	tres	4.054775122924184	4.0547886
1	160	dedos	0.2677696173050208	0.12237718
1	161	del	2.4693159994203597	2.611911
1	162	medio,	3.8234152701334096	3.8258343
1	163	y	2.0000195372849703	1.9912629
1	164	al	3.116519194561988	3.121632
1	165	pedir	7.779973089694977	7.608103
1	166	auxilio	3.6475453895982355	3.5681558
1	167	solo	7.461382107663667	7.7165723
1	168	se	3.502424950420391	3.5022767
1	169	le	2.8199619837105274	2.8082619
1	170	veían	7.871908920351416	7.878834
1	171	los	0.7770936772867572	0.78196096
1	172	dos	0.9881345480680466	0.917271
1	173	dedos	2.0097841259557754	1.9949661
1	174	que	3.515707012731582	3.5977187
1	175	se	2.519695086637512	2.5233095
1	176	utilizan	7.847039809450507	7.835945
1	177	para	0.6031725545180961	0.61417764
1	178	este	6.642662088852376	6.6381626
1	179	saludo	8.109739746898413	5.9640346
1	180	tan	5.17937744804658	7.328198
1	181	usado	7.031192146241665	6.9491453
1	182	entre	5.153287300869124	5.236965
1	183	los	0.33303512338898145	0.3328828
1	184	deportistas	7.619952625129372	6.9528704
1	185	extremos	9.024755768477917	8.398222
1	186	de	1.2772543233586475	2.5704975
1	187	todo	2.5679221524624154	2.568311
1	188	el	0.022776423535106005	0.023016905
1	189	mundo.	0.7496306858956814	0.22152054
2	0	En	18.32756805419922	16.689243
2	1	deportes	12.813242554664612	13.891336
2	2	de	3.577852802351117	4.686595
2	3	competencia,	9.16475317440927	9.147637
2	4	dopaje	11.44698253273964	10.825314
2	5	es	2.9989490006119013	3.6243515
2	6	el	1.5031273239292204	1.5178096
2	7	uso	1.5424912683665752	1.5058055
2	8	de	0.43440510611981153	0.47254384
2	9	drogas	2.9336096048355103	2.7594016
2	10	prohibidas	5.0002113208174706	4.9452257
2	11	que	3.6658926233649254	3.8613381
2	12	mejoran	7.8150060614570975	7.837912
2	13	el	1.476305604330264	1.4883947
2	14	rendimiento	0.2087095081806183	0.101547465
2	15	por	6.273343300912529	6.3746533
2	16	parte	2.4511597228702158	2.455311
2	17	de	0.2534829283831641	0.25426832
2	18	los	1.1100011600065045	1.110881
2	19	atletas	2.090165615081787	1.3067917
2	20	competidores.	8.724182952195406	9.098518
2	21	El	2.6029277900233865	3.0069191
2	22	término	2.016002282500267	2.0033407
2	23	dopaje	2.306374803185463	2.2843592
2	24	es	2.0336927697062492	2.0621653
2	25	utilizado	1.787799204699695	1.7849565
2	26	ampliamente	6.482101045548916	6.4420705
2	27	por	2.3422936093993485	2.3944113
2	28	las	2.4144964769948274	2.4134839
2	29	organizaciones	1.7176377791911364	1.7022463
2	30	que	2.9196345270611346	2.9327264
2	31	regulan	5.952548905275762	5.953254
2	32	las	2.6902345628477633	2.693063
2	33	competencias	2.8803121163509786	2.653298
2	34	deportivas.	2.771251742437016	2.6298137
2	35	El	2.3163868146948516	2.6795602
2	36	uso	2.8013273351825774	2.8025732
2	37	de	0.59515245934017	0.5985812
2	38	drogas	1.317468550056219	1.2957495
2	39	para	3.769272536970675	3.7912598
2	40	mejorar	1.1929004623088986	1.1922808
2	41	el	0.7302849357729428	0.73329383
2	42	desempeño	3.6618481455370784	3.632825
2	43	es	2.7857308499515057	2.7991214
2	44	mayormente	9.36655754968524	9.371225
2	45	considerado	4.016554014757276	4.023426
2	46	poco	8.067413298413157	8.061818
2	47	ético	1.6926864422857761	1.0848656
2	48	y,	4.54952934011817	5.163904
2	49	por	1.2473492232966237	1.2499663
2	50	lo	0.28011366064311005	0.28033832
2	51	tanto,	0.06041263765655458	0.05874026
2	52	es	1.8547633583657444	1.8518174
2	53	prohibido	3.6795910131186247	3.0630174
2	54	por	1.2370822110679	1.8576188
2	55	la	1.2581243286840618	1.2567052
2	56	mayoría	1.1917662410996854	1.1870493
2	57	de	0.014266567828599364	0.020731892
2	58	las	0.5654017173219472	0.5640415
2	59	organizaciones	1.423037350177765	1.0792885
2	60	deportivas,	3.848774303449318	4.182473
2	61	incluyendo	3.0635762233287096	3.0500605
2	62	el	2.516626639990136	2.5402503
2	63	Comitée	15.974203570920508	15.975572
2	64	Olímpico	0.5016473330324516	0.5012625
2	65	Internacional.	2.1000182181596756	1.5304701
2	66	Además,	4.5297619454795495	5.0985484
2	67	los	2.456513110315427	2.457128
2	68	atletas	1.1454134099185467	1.1276857
2	69	que	2.278114307904616	2.2954283
2	70	explícitamente	16.48549577384256	16.484621
2	71	toman	5.473131441278383	5.4720984
2	72	medidas	7.010103789856657	7.009848
2	73	para	0.7974428151501343	0.8003483
2	74	evadir	7.767832176759839	7.761751
2	75	su	3.6361788370995782	3.6423016
2	76	detección	6.266443196684122	6.136046
2	77	exacerban	12.617716413689777	12.746059
2	78	la	1.4226722537423484	1.4246625
2	79	violación	6.448028641752899	6.425581
2	80	ética	6.159331349655986	6.0419807
2	81	mediante	7.104091333108954	7.243501
2	82	el	0.6187410426791757	0.6194129
2	83	fraude	7.917538123205304	7.3562737
2	84	y	1.036362200975418	1.5510643
2	85	engaño	6.859866827726364	5.9251614
2	86	evidentes.	12.106702357530594	12.487586
2	87	A	4.785749644041061	5.2254467
2	88	pesar	1.103513716137968	1.2637763
2	89	de	0.07862462976481766	0.07892489
2	90	su	3.6888777551357634	3.688848
2	91	reciente	5.199814090039581	5.1989527
2	92	prevalencia	8.423116400837898	7.3628335
2	93	en	0.5016724224551581	1.5630246
2	94	los	1.4916121200367343	1.4918739
2	95	titulares,	12.327920480514877	12.326801
2	96	el	1.1972121190628968	1.1976918
2	97	dopaje	1.2648749691434205	1.2593756
2	98	no	2.7916164457565174	2.7974422
2	99	es	0.7379896645434201	0.73316634
2	100	un	1.804148984956555	1.8083732
2	101	fenómeno	2.307442182500381	2.3078103
2	102	nuevo	1.9297266006469727	1.1108812
2	103	–	6.272495418787003	6.9935555
2	104	de	4.824117498355918	4.921306
2	105	hecho	2.545619785785675	0.2863957
2	106	es	2.418015314731747	4.6718907
2	107	tan	3.916660898597911	3.922254
2	108	antiguo	1.2039979510009289	1.1706767
2	109	como	0.22713239741278812	0.26086932
2	110	el	0.8710979132447392	0.8708461
2	111	deporte	2.3877841234207153	1.7748046
2	112	mismo.	3.580385386943817	3.9918318
2	113	Desde	3.7164277124684304	3.917925
2	114	el	1.5894184880889952	1.5896876
2	115	uso	6.64744854462333	6.6464787
2	116	de	0.4055921889957972	0.40689754
2	117	sustancias	3.217845054809004	3.2111847
2	118	en	3.693527612835169	3.683321
2	119	las	2.078735158429481	2.0957599
2	120	carreras	3.602686643600464	3.5244088
2	121	de	0.6202533931354992	0.6983257
2	122	cuadrigas	9.732242688536644	9.503676
2	123	de	2.834948806092143	3.0632143
2	124	la	3.1123772368882783	3.1125693
2	125	antigüedad	3.8079739059321582	3.4053972
2	126	hasta	0.7891683161142282	1.1915654
2	127	las	2.1458024015882984	2.146064
2	128	controversias	6.82264576619491	6.8198347
2	129	más	4.227439824011526	4.2307034
2	130	recientes	0.41923413425683975	0.10052801
2	131	en	1.74253087566467	2.0607307
2	132	béisbol	9.026709794992257	8.413104
2	133	y	0.6028467759024352	1.2158647
2	134	ciclismo,	4.049474441620987	4.050088
2	135	las	2.623916534881573	2.6235995
2	136	opiniones	5.786870500276564	5.7806444
2	137	populares	7.3092871736735106	7.308382
2	138	entre	6.490257513010874	6.49756
2	139	los	0.24806825118139386	0.24816398
2	140	atletas	1.0745063815265894	1.048017
2	141	han	1.7919206519727595	1.818706
2	142	variado	3.0531395920552313	2.9006302
2	143	ampliamente	3.2475767135620117	2.3185482
2	144	a	2.7420193628931884	3.8237493
2	145	lo	0.12112815678233346	0.12124988
2	146	largo	0.0003330881518195383	0.00011526874
2	147	de	0.2714055454125628	0.27128673
2	148	los	0.8528415168984793	0.8527795
2	149	años.	0.8949276655912399	0.69319975
2	150	En	1.973622945137322	2.1624548
2	151	las	3.612786458863411	3.6257772
2	152	décadas	2.581417370121926	2.5790515
2	153	recientes,	3.4634981322160456	3.4657788
2	154	las	2.6746820013504475	2.6746266
2	155	autoridades	3.8228705767542124	3.8195412
2	156	y	3.746044868719764	3.747869
2	157	organizaciones	2.87336004152894	2.8724196
2	158	deportivas	0.6437542432686314	0.6376366
2	159	han	0.37174496572697535	0.38039407
2	160	tratado	3.156665880989749	3.156229
2	161	de	0.34538650448666885	0.34563857
2	162	regular	4.173815123736858	4.143846
2	163	el	0.7197586378460983	0.75014585
2	164	uso	0.37834663037210703	0.37229913
2	165	de	0.08727621630532667	0.09322349
2	166	drogas	0.9146843552589417	0.77410656
2	167	en	1.431738287967164	1.5722959
2	168	el	2.3843625207882724	2.3845465
2	169	deporte	1.0679334104061127	0.18027785
2	170	de	2.5788499277841765	3.4663892
2	171	manera	1.0756848645978607	1.0754673
2	172	estricta.	6.159178631962277	6.055776
2	173	Las	3.0367755942279473	3.1399682
2	174	principales	3.673923925845884	3.6731377
2	175	razones	2.9340959643013775	2.9319363
2	176	para	0.8467375986510888	0.85002565
2	177	esta	2.6139665471564513	2.6138258
2	178	prohibición	4.028047327592503	4.010437
2	179	son	1.546154260635376	1.2000031
2	180	los	2.819187041488476	3.181464
2	181	riesgos	2.459889202218619	2.4499028
2	182	de	1.2251832695910707	1.2363389
2	183	las	3.2340181740291882	3.2345061
2	184	drogas	1.0497471988201141	0.80849063
2	185	que	3.2605136716738343	3.497826
2	186	mejoran	7.0135852412786335	7.0150914
2	187	el	0.5270034075465446	0.5296624
2	188	rendimiento	0.49971145391464233	0.09747422
2	189	para	4.614977686986094	5.016985
2	190	la	3.043327608873369	3.0432901
2	191	salud,	3.2156129714712733	3.2156749
2	192	la	1.1824021459324285	1.1824642
2	193	igualdad	7.52750088047469	7.4710655
2	194	de	0.45541069180035265	0.5119276
2	195	oportunidades	1.1782047748565674	0.9619677
2	196	para	1.2941272286043386	1.5103637
2	197	los	0.5601760751815164	0.56021315
2	198	atletas,	1.6043017343326937	1.6041744
2	199	y	1.211512964218855	1.202133
2	200	el	1.1999367310490925	1.2091872
2	201	ejemplo	8.250309751369059	8.239316
2	202	positivo	2.7960018068552017	2.7781496
2	203	para	2.2557835639090627	2.2848136
2	204	el	1.95160941555514	1.9514277
2	205	público	4.424342095851898	3.6967444
2	206	aportado	12.683551108464599	13.394543
2	207	por	0.11104127259750385	0.12779832
2	208	el	1.7296446591353742	1.7297082
2	209	deporte	1.3905280530452728	0.31712446
2	210	libre	6.6835020780563354	6.498071
2	211	de	1.5610221149399877	2.819778
2	212	drogas.	1.736710548400879	1.3967642
2	213	Las	2.778100054420065	3.1176364
2	214	autoridades	3.451866867020726	3.4416263
2	215	antidopaje	8.020116549683735	7.995888
2	216	han	2.0902435514726676	2.1246269
2	217	enfatizado	5.308720110391732	5.301782
2	218	de	6.019242239242885	6.026123
2	219	manera	0.46386338128650095	0.46444118
2	220	repetida	5.015990793704987	5.008993
2	221	que	1.3904502876102924	1.3729739
2	222	el	1.0291115950676613	1.0534672
2	223	uso	1.5368318585678935	1.5362314
2	224	de	0.16194873097992968	0.16259637
2	225	drogas	0.623101650737226	0.611145
2	226	para	2.1649857327720383	2.1769626
2	227	la	3.026762997091282	3.0260582
2	228	mejora	2.9644590026000515	2.9642792
2	229	del	0.32758674031992996	0.32864118
2	230	rendimiento	0.1520624216645956	0.13529186
2	231	va	6.835743267321959	6.8518963
2	232	en	1.7631525362376124	1.7628082
2	233	contra	0.7803995665162802	0.7731248
2	234	del	1.5492290000256617	1.5570447
2	235	“espíritu	11.826575372833759	11.793217
2	236	del	1.7348114317574073	1.7684879
2	237	deporte”.	1.6491041630506516	1.54304
3	0	El	16.824489414691925	16.613258
3	1	lobo	9.537978954613209	10.189145
3	2	marsupial	10.045490235090256	9.588899
3	3	o	3.4225266836583614	3.9348211
3	4	tilacino,	15.404956541955471	15.444653
3	5	también	2.053081250807736	2.0698647
3	6	conocido	0.9003231830429286	0.8998431
3	7	como	0.08511756220832467	0.08293271
3	8	lobo	1.712069345638156	1.6959933
3	9	de	1.2914252244518138	1.3099346
3	10	Tasmania,	4.868752345442772	4.866206
3	11	tigre	8.979271712712944	8.968425
3	12	de	0.6263956436523586	0.64071953
3	13	Tasmania	0.4238753654062748	0.05503497
3	14	o	0.23936464614234865	0.60452044
3	15	tilacín,	7.750607758760452	7.7514343
3	16	fue	5.023417988442816	5.0247116
3	17	un	0.9514764168998227	0.95228356
3	18	marsupial	3.54428964224644	3.5326767
3	19	carnívoro	2.6291784308632486	2.586507
3	20	originado	7.915829320438206	7.968463
3	21	en	0.16095171292545274	0.16292572
3	22	el	1.8778240995598026	1.8775656
3	23	Holoceno.	10.06485156295821	9.863074
3	24	Era	2.504134321352467	2.7031336
3	25	nativo	7.067620073677972	7.0692625
3	26	de	0.29315206757746637	0.29459152
3	27	Australia,	2.6545195190701634	2.654152
3	28	Tasmania	2.311694473028183	1.8499293
3	29	y	0.07421238999813795	0.5325192
3	30	Nueva	0.5653213325786055	0.56946576
3	31	Guinea	2.155742734670639	0.45855883
3	32	y	0.6920953020453453	2.3648696
3	33	se	1.63560771199991	1.6596569
3	34	cree	2.819499332457781	2.8187604
3	35	que	0.03683760541025549	0.03629589
3	36	se	2.4812907612722483	2.482959
3	37	extinguió	0.6062014596245717	0.59903836
3	38	en	1.0553185780881904	1.0617399
3	39	el	1.0316009083762765	1.0297021
3	40	siglo	1.9621217958629131	1.9441172
3	41	XX.	2.6031453013420105	2.123376
3	42	Se	1.9928891851450317	2.4928627
3	43	trataba	5.835362773388624	5.8253803
3	44	del	3.63541760481894	3.6447103
3	45	último	2.9475347264669836	2.947103
3	46	miembro	2.1081268712878227	2.1080875
3	47	viviente	5.111273521295516	5.107896
3	48	de	0.3859826445695944	0.39089334
3	49	su	1.9269909089780413	1.9262509
3	50	género,	2.868449917063117	2.8679698
3	51	cuyos	5.396070245275041	5.397363
3	52	otros	6.2786133897607215	6.2779217
3	53	miembros	0.3606899529695511	0.3270067
3	54	vivieron	4.1510373018682	4.1819134
3	55	en	2.1707253048662096	2.1733103
3	56	tiempos	4.450145269394852	4.449659
3	57	prehistóricos	3.407581871608272	2.020764
3	58	a	4.27033259626478	5.656133
3	59	partir	3.36380012484733	3.3654344
3	60	de	0.5187692929757759	0.51868975
3	61	principios	5.5136862265644595	5.513876
3	62	del	0.11848009331151843	0.117134325
3	63	Mioceno.	4.141969148302451	3.54344
3	64	El	1.4729194614337757	2.0724597
3	65	lobo	0.4403130926657468	0.43234158
3	66	marsupial	0.5957165404688567	0.574894
3	67	se	2.7466640251514036	2.7762737
3	68	extinguió	2.664020002441248	2.6572366
3	69	en	1.2095792322652414	1.2161424
3	70	la	2.7178981678735	2.7179518
3	71	Australia	6.804829087108374	6.80179
3	72	continental	3.872748553752899	3.630505
3	73	miles	11.14186207158491	11.383621
3	74	de	0.04203793511260301	0.045711603
3	75	años	0.035775362281128764	0.034039095
3	76	antes	1.6146388594061136	1.5859355
3	77	de	0.42414074891712517	0.45438707
3	78	la	1.1902019339904655	1.1903522
3	79	llegada	1.2327294840943068	1.2312082
3	80	de	0.300583067444677	0.3023613
3	81	los	0.16170256781333592	0.16164128
3	82	colonos	4.4739876836538315	4.4199157
3	83	europeos,	1.6650917385704815	1.7177954
3	84	pero	2.355225156992674	2.3511243
3	85	sobrevivió	4.011225372552872	4.0024385
3	86	en	0.794918486091774	0.8089427
3	87	la	2.2825495341676287	2.2823658
3	88	isla	1.2489688619971275	1.1948943
3	89	de	0.46675148729627836	0.5213294
3	90	Tasmania	0.6896520704030991	0.16700451
3	91	junto	6.73053022158274	7.2530317
3	92	con	0.33183815819211304	0.33134723
3	93	otras	2.485136777686421	2.4855773
3	94	especies	0.3185715675354004	0.14675222
3	95	endémicas,	6.138669350533746	6.3102856
3	96	como	1.1787706343457103	1.1779032
3	97	el	0.2351923980168067	0.2358954
3	98	diablo	9.51762493699789	9.469392
3	99	de	1.1649813757830998	1.2136832
3	100	Tasmania.	2.3112096339464188	1.5635535
3	101	Generalmente	7.252425404032692	7.8049345
3	102	suele	6.162241315381834	6.357098
3	103	culparse	9.903910649940372	9.903543
3	104	de	4.684020647138823	4.6846924
3	105	su	1.6107950216683093	1.6108918
3	106	extinción	0.22860022749227937	0.2182166
3	107	a	0.6886328699620208	0.6988319
3	108	la	0.8002616764279082	0.7998829
3	109	caza	2.2979719042778015	2.062179
3	110	intensiva	2.5356668131425977	2.3547893
3	111	incentivada	13.514691869262606	13.91748
3	112	por	0.07582521739823278	0.09022799
3	113	recompensas,	14.765696836577263	14.765379
3	114	pero	1.8518652291968465	1.8434658
3	115	podrían	8.661276650382206	8.668598
3	116	haber	0.7178653962910175	0.6807711
3	117	contribuido	4.095288813114166	4.1169195
3	118	otros	3.798290357517544	3.8146536
3	119	factores,	1.5133383853826672	1.5135205
3	120	como	0.18250478140544146	0.18123491
3	121	por	5.403885251485917	5.4054356
3	122	ejemplo	0.11231725662946701	0.010939269
3	123	las	3.0025052757991944	3.103564
3	124	enfermedades,	5.3097877478576265	5.309531
3	125	la	1.2063498030765913	1.2066559
3	126	introducción	3.508856032975018	3.5076327
3	127	de	0.17347021898603998	0.17497472
3	128	los	2.8925112648576032	2.8924308
3	129	perros,	7.6466093941708095	7.646282
3	130	o	2.6279164103325456	2.6262603
3	131	la	0.6943630241730716	0.6961125
3	132	ocupación	7.074965925887227	7.069379
3	133	de	1.535129678537487	1.5409749
3	134	su	4.7676558047533035	4.6912384
3	135	hábitat	1.0109412670135498	0.7440847
3	136	por	0.5961910887563135	0.93933815
3	137	los	1.4147322257631458	1.4148892
3	138	humanos.	1.581232637166977	0.7572472
3	139	A	4.3264124393463135	4.9511747
3	140	pesar	0.6176411802007351	0.816749
3	141	de	0.04929351055761799	0.049386214
3	142	su	1.045174962375313	1.045214
3	143	clasificación	8.130044970661402	8.095413
3	144	oficial	6.897905483841896	6.768164
3	145	como	0.15719208790687844	0.32104167
3	146	extinto	3.2325089126825333	1.6895906
3	147	todavía	6.06006368342787	7.596918
3	148	se	0.9198566811537603	0.92638856
3	149	informan	10.49437433714047	10.492577
3	150	avistamientos,	9.128280978824478	9.12959
3	151	aunque	2.904297874774784	2.8994353
3	152	ninguno	5.894328237627633	5.8983197
3	153	ha	2.0362156716000754	2.0376086
3	154	sido	0.282278597340337	0.28216597
3	155	probado	6.105675907805562	5.603925
3	156	de	3.7240775723184925	4.2257576
3	157	manera	1.2437012418959057	1.2438047
3	158	concluyente.	1.724957159603946	0.7654951
3	159	Su	3.4388501981738955	4.3946676
3	160	pariente	5.962964804843068	5.950128
3	161	vivo	5.765553057193756	5.569663
3	162	más	0.8148972394865268	1.0274563
3	163	próximo	1.819400042295456	1.6130891
3	164	es	0.3713557047303766	0.5749842
3	165	el	0.041543158469721675	0.043478604
3	166	demonio	10.527271089609712	10.477044
3	167	de	0.4621033671483019	0.51307684
3	168	Tasmania.	2.7349400483071804	1.2444533
4	0	El	16.824489414691925	16.613258
4	1	Día	9.15986754000187	9.691231
4	2	Mundial	6.327847547829151	6.5539694
4	3	del	0.8049937105970457	0.8100788
4	4	Medio	1.8431078717112541	1.8011678
4	5	Ambiente	0.484439785243012	0.056200314
4	6	fue	3.956999753601849	4.4226475
4	7	establecido	2.1164608146063983	2.1150398
4	8	por	1.074311085510999	1.076932
4	9	la	0.7314593167975545	0.7318331
4	10	Organización	1.624751107301563	1.625362
4	11	de	0.4130580108612776	0.4163824
4	12	las	0.34997123547509545	0.350477
4	13	Naciones	0.001052159204846248	0.00080088485
4	14	Unidas	0.06708944623824209	0.0015065045
4	15	en	1.5481972231063992	1.6105076
4	16	diciembre	4.724350182339549	4.718726
4	17	de	0.16045746905729175	0.1654371
4	18	1972.	6.020094841718674	5.7584486
4	19	Se	3.5121736573055387	3.7678585
4	20	celebra	1.9379210462793708	1.9340384
4	21	desde	3.528344227699563	3.5406585
4	22	1974	5.1683758199214935	4.683667
4	23	el	3.9113834123127162	4.3920193
4	24	5	4.3650978691875935	4.3255587
4	25	de	0.03203932638280094	0.07447502
4	26	junio	3.694238007068634	3.0148861
4	27	de	3.3806420393520966	4.062336
4	28	cada	0.032176922424696386	0.031771418
4	29	año,	1.5159072997048497	1.5086274
4	30	fecha	3.5357555556111038	3.5381784
4	31	con	4.59737609513104	4.5897126
4	32	la	0.06510384602006525	0.077431954
4	33	que	0.2415389958769083	0.23139219
4	34	se	0.446676142513752	0.453496
4	35	dio	5.414914401713759	5.4147654
4	36	inicio	0.7919609639793634	0.777547
4	37	a	0.7860645381733775	0.8013123
4	38	la	0.39485690277069807	0.39237246
4	39	Conferencia	3.8873278172686696	3.8808353
4	40	de	0.8260997855104506	0.83635813
4	41	Estocolmo	5.472046230453998	5.140485
4	42	en	3.4436417871620506	3.7746196
4	43	1972,	3.449795786291361	3.4345675
4	44	cuyo	4.636858317768201	4.6538353
4	45	tema	3.318579599261284	3.312457
4	46	central	1.5198275819420815	1.518351
4	47	fue	0.8728708997368813	0.78570074
4	48	el	1.4782724240794778	1.5691428
4	49	ambiente.	6.337646961212158	5.8084397
4	50	La	2.603269435465336	3.1309147
4	51	proclamación	6.776446251198649	6.766596
4	52	de	0.9702520901337266	0.9828979
4	53	este	1.6229769475758076	1.6205864
4	54	día	0.9797423109412193	0.9129781
4	55	es	2.7631910890340805	2.8183365
4	56	un	1.4340555798262358	1.4423219
4	57	vínculo	7.697156065463787	7.6935735
4	58	por	7.074594291858375	7.0725856
4	59	medio	3.2375424613710493	3.2496605
4	60	del	0.1093757685739547	0.11248844
4	61	cual	0.0486238207668066	0.026893154
4	62	la	2.140902013750747	2.1588933
4	63	Organización	2.662886131554842	2.6498768
4	64	de	1.3524738615378737	1.3683116
4	65	Naciones	2.200489559327252	2.2004054
4	66	Unidas	0.028902572114020586	0.0039853207
4	67	sensibiliza	9.82856437556893	9.832145
4	68	a	0.43441722821444273	0.45474648
4	69	la	0.8513179202564061	0.85094595
4	70	población	1.5298238433897495	1.4947122
4	71	mundial	0.9527603313326836	0.9128183
4	72	en	2.7121751932427287	2.7858713
4	73	relación	3.0212962538935244	3.0210156
4	74	a	1.6071167720947415	1.6091535
4	75	temas	3.907816542312503	3.9069881
4	76	ambientales,	3.0202879298012704	3.0195289
4	77	intensificando	11.235729610547423	11.234553
4	78	la	1.3655373314395547	1.3665494
4	79	atención	3.8020747154951096	3.7892978
4	80	y	2.5673151100054383	2.5794573
4	81	la	1.6767316237092018	1.679193
4	82	acción	3.3124075680971146	3.2148724
4	83	política.	7.225163400173187	6.559162
4	84	Los	4.4184587630443275	5.176776
4	85	objetivos	1.6179334009066224	1.610785
4	86	principales	2.2507493421435356	2.2557178
4	87	son:	4.027059376239777	3.6819973
4	88	brindar	7.160975916078314	7.5004263
4	89	un	2.643275841139257	2.6527605
4	90	contexto	3.7316766511648893	3.727923
4	91	humano,	9.681377950590104	9.688588
4	92	motivar	9.258553579449654	9.238774
4	93	a	0.7855603988864459	0.80656177
4	94	las	1.41457125172019	1.4110069
4	95	personas	0.43486175686120987	0.35553175
4	96	para	2.207118379417807	2.287693
4	97	que	1.7108178376220167	1.7069893
4	98	se	1.9483177824877203	1.949868
4	99	conviertan	5.578458175761625	5.5778427
4	100	en	0.05641923379153013	0.059886318
4	101	agentes	1.1057095646392554	1.1048092
4	102	activos	0.7914950093254447	0.70870996
4	103	del	2.3153229820891283	2.4013295
4	104	desarrollo	3.380085587501526	2.97553
4	105	sustentable	3.6932887424482033	2.8431869
4	106	y	0.3195126447826624	1.5477268
4	107	equitativo;	13.030712527222931	13.0492325
4	108	promover	2.174049462657422	2.1759765
4	109	el	1.4026316867675632	1.4081787
4	110	papel	5.547739630565047	5.5444937
4	111	fundamental	4.945525313261896	4.9479656
4	112	de	0.350568896625191	0.35186148
4	113	las	0.8592623637523502	0.8569621
4	114	comunidades	2.684657707810402	2.6211023
4	115	en	1.8361616295296699	1.900769
4	116	el	1.1372428635368124	1.1375058
4	117	cambio	3.009306885302067	2.9298513
4	118	de	2.216636834142264	2.2965026
4	119	actitud	5.087286174297333	5.0295134
4	120	hacia	0.4888878380006645	0.54718417
4	121	temas	6.005790951079689	6.004817
4	122	ambientales,	2.043919784249738	2.0430973
4	123	y	1.982522883452475	1.9723847
4	124	fomentar	2.5975942742079496	2.6055894
4	125	la	0.7389123442117125	0.742195
4	126	cooperación	2.48788970374153	2.4687688
4	127	para	3.631326329719741	3.6504977
4	128	que	4.197741919197142	4.194313
4	129	el	2.2907151334220544	2.2931604
4	130	medio	3.043136764317751	3.0060968
4	131	ambiente	0.016898250207304955	0.043709476
4	132	sea	0.6531313443556428	0.65978825
4	133	sostenible,	6.581353441579267	6.5832405
4	134	ya	5.227698593749665	5.2301755
4	135	que	0.5634171739220619	0.52239794
4	136	ésta	5.052904431242496	5.0890055
4	137	garantizará	8.714761523064226	8.71728
4	138	que	3.3944328860379755	3.3927476
4	139	todas	3.2232790224370547	3.2280755
4	140	las	0.03609996062004939	0.036015462
4	141	naciones	3.9209726243498153	3.8901572
4	142	y	2.9488593614660203	2.973864
4	143	personas	3.741637922823429	3.7312865
4	144	disfruten	4.704552686307579	4.714915
4	145	de	0.3584220734774135	0.36416265
4	146	un	1.4859760948456824	1.4854398
4	147	futuro	2.1160269568208605	2.1144538
4	148	más	2.1428054966963828	2.1431317
4	149	próspero	3.669676370678644	2.6379871
4	150	y	0.239702113205567	1.2711842
4	151	seguro.	4.154165893793106	3.2699726
4	152	En	2.8825936689972878	3.7548928
4	153	muchos	5.819506510859355	5.8325286
4	154	países	0.751274436712265	0.33106673
4	155	esta	5.478646711213514	5.899644
4	156	celebración	0.7530618607997894	0.7388042
4	157	es	1.7822382911108434	1.7926978
4	158	una	2.4407332927221432	2.4444103
4	159	oportunidad	2.179251339286566	2.1777458
4	160	de	2.3818233384517953	2.3830023
4	161	firmar	7.579930839827284	7.5694966
4	162	o	5.599637679755688	5.6034527
4	163	ratificar	2.5354364668019116	2.5374672
4	164	convenios	2.328715816140175	2.2174697
4	165	internacionales	1.3501395285129547	1.1652485
4	166	y,	6.261308017070405	6.561484
4	167	algunas	7.333059176802635	7.2705374
4	168	veces,	0.5401832218049094	0.6035768
4	169	establece	6.363382573705167	6.3594084
4	170	estructuras	7.1909250020980835	7.185554
4	171	gubernamentales	4.899797741614748	4.806034
4	172	permanentes	7.101604346185923	6.998459
4	173	relacionadas	5.151507074944675	5.3520174
4	174	con	0.04928067303262651	0.05511688
4	175	el	0.8668848468951182	0.8673456
4	176	manejo	6.594897051953012	6.5826426
4	177	ambiental	5.2337340554222465	3.6931803
4	178	y	0.7942494563758373	2.3308623
4	179	la	1.1741030731936917	1.1901736
4	180	planificación	5.852252250653692	5.5749125
4	181	económica.	5.331384122371674	5.1031923
5	0	El	16.824489414691925	16.613258
5	1	monóculo	17.5824516415596	17.99295
5	2	es	4.0523883402347565	4.3477273
5	3	un	1.2798987603746355	1.3335415
5	4	tipo	2.9483021749183536	2.951103
5	5	de	0.10164946620352566	0.09992982
5	6	lente	6.414357826113701	6.378455
5	7	correctiva	11.28367693722248	11.165144
5	8	usada	4.170104146935046	4.3187766
5	9	para	0.9006262496113777	0.9074726
5	10	ajustar	6.686635310063139	6.6865726
5	11	la	0.7447700861375779	0.74487007
5	12	visión	2.6779825389385223	2.5963502
5	13	en	1.8741806775797158	1.9548178
5	14	un	2.7663394331466407	2.765971
5	15	solo	5.514140753773972	5.51577
5	16	ojo,	2.9468297138810158	2.9366431
5	17	que	2.6267404477111995	2.632297
5	18	consiste	2.9730417425744236	2.9765828
5	19	en	0.07045838912017643	0.069885544
5	20	una	1.3743941381108016	1.3770887
5	21	luneta	8.769686698913574	8.732847
5	22	circular	4.439932227134705	4.380027
5	23	con	2.703276402782649	2.7964044
5	24	aumento.	14.47856879234314	14.044347
5	25	En	3.4357790388166904	3.8335977
5	26	muchos	5.587432518135756	5.622445
5	27	casos	1.0648948550224304	0.31705987
5	28	está	5.049049727618694	5.7852907
5	29	enmarcada	6.971603532787412	6.9652524
5	30	en	0.5852260603569448	0.6049722
5	31	un	1.112444224767387	1.1071949
5	32	anillo	4.223676692694426	4.041565
5	33	de	1.4452833496034145	1.6276113
5	34	alambre	6.120441600680351	5.891617
5	35	que	2.131017940118909	2.3485837
5	36	posee	6.444899393245578	6.4527893
5	37	una	1.3784577092155814	1.3791883
5	38	cadenilla	11.875541731715202	11.699768
5	39	o	2.9581371042877436	3.1273797
5	40	cordón	5.418698787689209	5.1356273
5	41	que	1.3743479754775763	1.6502283
5	42	se	1.7242811247706413	1.7152023
5	43	sujeta	3.073709450662136	3.0859869
5	44	a	0.862696367315948	0.87907094
5	45	la	0.5097456565126777	0.50664276
5	46	ropa	10.474073708057404	10.088996
5	47	para	2.9516464360058308	3.3286724
5	48	evitar	2.9228040371090174	2.919633
5	49	su	3.747278304770589	3.740359
5	50	pérdida.	5.130883544683456	4.787639
5	51	Si	4.399372054263949	4.7594495
5	52	bien	3.180941056460142	3.1485205
5	53	se	3.4821782913058996	3.520306
5	54	conocen	5.998952218797058	6.0000033
5	55	usuarios	11.037806302309036	11.012503
5	56	de	1.3619298744015396	1.3836856
5	57	monóculos	5.086088741198182	4.9182534
5	58	desde	2.884088351856917	3.0536342
5	59	el	2.5199439213611186	2.5215807
5	60	siglo	0.3153353277593851	0.28867617
5	61	dieciocho,	9.498067977256142	9.524092
5	62	este	4.18089445726946	4.1777263
5	63	elemento	6.494969809427857	6.483904
5	64	no	3.2331701680086553	3.2466967
5	65	se	1.6416026819497347	1.6387131
5	66	convirtió	4.8138369070366025	4.8176417
5	67	en	0.09371341904625297	0.09163952
5	68	un	1.200987495481968	1.1976585
5	69	artículo	3.884070387110114	3.888111
5	70	incorporado	9.744233436882496	9.717109
5	71	al	2.239225304685533	2.2634897
5	72	vestuario	4.053862482309341	3.9306006
5	73	masculino	3.753482274711132	3.7779188
5	74	hasta	0.4843298359774053	0.58398724
5	75	entrado	9.777599282562733	9.78011
5	76	el	0.1896499888971448	0.19062197
5	77	siglo	0.16241226717829704	0.11617268
5	78	diecinueve.	5.031864749034867	4.6461763
5	79	El	1.669143382459879	2.0997398
5	80	monóculo	1.781616679567378	1.7379079
5	81	estuvo	6.383741375058889	6.424569
5	82	generalmente	6.531364500988275	6.5323772
5	83	asociado	1.7025737478397787	1.7038071
5	84	a	1.147184862405993	1.1524875
5	85	hombres	5.363532915711403	5.3065977
5	86	ricos	5.2013450264930725	4.7441807
5	87	pertenecientes	8.714966198662296	9.226427
5	88	a	0.20287018548697233	0.20518784
5	89	la	0.5119174620485865	0.5129134
5	90	clase	1.3517079236917198	1.3501378
5	91	alta.	3.1937257647514343	2.8009226
5	92	Combinado	10.899369936902076	11.289604
5	93	con	0.05847030121367425	0.061825868
5	94	un	1.7050187647109851	1.7046483
5	95	frac	11.124811112880707	10.808698
5	96	y	1.839087682776153	2.150361
5	97	un	1.007665479555726	1.0116999
5	98	sombrero	3.1475653122797667	2.5924444
5	99	de	1.0496269895229489	1.6056982
5	100	copa,	3.160637592780404	3.1607933
5	101	completaba	8.330547690857202	8.328262
5	102	el	1.3772400206071325	1.3797612
5	103	traje	3.745548937760759	3.5899665
5	104	del	3.2228421019390225	3.3742085
5	105	estereotipo	9.574483633041382	9.490047
5	106	del	2.350665078498423	2.4328384
5	107	capitalista	7.5763996839523315	7.013363
5	108	de	2.595261267153546	3.1621897
5	109	fines	6.312202921602875	6.3143926
5	110	de	2.3014933113008738	2.300858
5	111	ese	7.089410580229014	7.0871787
5	112	siglo.	0.8252275511622429	0.37276036
5	113	Los	3.597565919626504	4.0529156
5	114	monóculos	2.4418317563831806	2.4093297
5	115	estuvieron	5.631942432373762	5.659787
5	116	también	3.417419359087944	3.4181888
5	117	asociados	1.5739179296651855	1.573458
5	118	a	0.8016307792277075	0.806627
5	119	los	1.6743565474171191	1.6737571
5	120	militares	4.6593605279922485	4.3059096
5	121	alemanes	6.350413799285889	6.4338713
5	122	de	2.2073785246757325	2.4782448
5	123	ese	4.75126489950344	4.7500954
5	124	periodo	3.591671109199524	2.049717
5	125	hasta	4.839927465189248	6.382042
5	126	la	1.5123972449218854	1.5124965
5	127	Primera	2.135147826789762	2.1362684
5	128	Guerra	0.011486040995805524	0.0114467535
5	129	mundial.	7.392807841300964	6.8837414
5	130	Los	2.9725429725949652	3.481021
5	131	monóculos	1.3267519320361316	1.2957686
5	132	no	3.839823369460646	3.8708403
5	133	eran	1.977413053624332	1.9689511
5	134	incómodos	10.932066580280662	10.67495
5	135	como	3.685456782230176	3.9506938
5	136	a	7.5041894018650055	7.373523
5	137	veces	1.4035672864411026	1.5332932
5	138	se	0.35062978518544696	0.3523196
5	139	cree.	5.43917053937912	5.3236914
5	140	Adaptados	12.292172168381512	12.396676
5	141	en	3.452838173310738	3.4632792
5	142	forma	3.7507892111316323	3.7472982
5	143	conveniente,	10.498452223837376	10.501604
5	144	se	2.6072515335981734	2.6079886
5	145	usaban	2.416027351282537	2.4115708
5	146	sin	5.46597533300519	5.467719
5	147	esfuerzo.	8.026101261377335	7.831114
5	148	Por	3.947696268558502	4.1309266
5	149	ello,	3.236895020585507	3.2511442
5	150	las	3.9132589068613015	3.9135041
5	151	clases	5.16373420151649	5.1633654
5	152	adineradas	7.083325200597756	7.03728
5	153	usaban	3.5599563946016133	3.6032596
5	154	monóculos	1.4780633253976703	1.415552
5	155	hechos	7.570869659073651	7.6332755
5	156	a	1.9448079102294287	1.9482908
5	157	medida	1.780004858970642	1.2417197
5	158	y	2.1204549744725227	2.6349258
5	159	que	3.487990451976657	3.4883647
5	160	necesitaban	7.013420110568404	7.0330443
5	161	de	2.712694868678227	2.7158284
5	162	ajustes	4.889821469783783	4.779249
5	163	a	4.5075066508725286	4.617795
5	164	lo	3.566307562228758	3.5673018
5	165	largo	0.033485230756923556	0.029978927
5	166	de	0.5868922535228194	0.59047323
5	167	su	0.9816721820388921	0.98116314
5	168	vida	1.9788522720336914	0.56695706
5	169	útil.	2.8866354525089264	4.010063
5	170	La	2.7420809642062522	3.0304272
5	171	opinión	7.342673760140315	7.3411865
5	172	popular	2.990881133824587	2.9493988
5	173	era	2.4521339247003198	2.4816127
5	174	que	0.14454993419349194	0.13109528
5	175	un	3.706615969305858	3.7323585
5	176	monóculo	1.1269690069821081	1.1181898
5	177	podía	4.391702016233467	4.4009085
5	178	caerse	8.762501023709774	8.624315
5	179	fácilmente	3.714430093765259	3.2886548
5	180	con	3.622158066020347	4.1870136
5	181	una	2.506866517593153	2.5071363
5	182	expresión	8.711394045501947	8.694919
5	183	facial	1.778155296226032	1.6174896
5	184	inesperada.	9.795498974621296	9.811002
5	185	Ello	8.559455037117004	8.674842
5	186	fue	2.894334262236953	2.93145
5	187	sumamente	7.753463619679678	7.762133
5	188	explotado	9.259055362083018	9.180449
5	189	en	2.090098530781688	2.1692786
5	190	las	2.4813964435452363	2.4815266
5	191	comedias:	14.94507947564125	14.91224
5	192	el	2.3397644938668236	2.371054
5	193	elegante	8.325829217210412	8.304598
5	194	caballero	4.719610365340486	4.693769
5	195	que	3.098167333751917	3.1375992
5	196	se	2.0155027298606	2.0241516
5	197	asusta	7.7863898277282715	6.595397
5	198	o	5.640314988791943	6.8109465
5	199	asombra	10.297864317893982	10.187614
5	200	y	4.997230563312769	5.10308
5	201	su	3.5632050009444356	3.5811324
5	202	monóculo	2.771132839261554	2.6469052
5	203	que	3.3357525020837784	3.4506965
5	204	cae	2.970036926679313	2.7312784
5	205	al	3.2853564702672884	3.5395494
5	206	suelo	1.0047728419303894	0.47405845
5	207	o	3.2292499095201492	3.748982
5	208	dentro	7.066224021837115	7.051487
5	209	de	0.26916008291300386	0.29559088
5	210	su	2.085462395916693	2.084232
5	211	copa.	8.350765749812126	8.115144
6	0	La	15.981478542089462	16.193132
6	1	cata	13.198085904121399	13.116817
6	2	de	2.603743419982493	3.0119548
6	3	vinos	5.060216009616852	4.6783123
6	4	es	5.513758547604084	5.8771906
6	5	un	1.3200841583311558	1.3412179
6	6	análisis	10.534345854073763	10.525209
6	7	sensorial	5.49394866079092	5.4139
6	8	y	2.308760897256434	2.3956232
6	9	evaluación	6.735514087602496	6.73022
6	10	del	1.790155102033168	1.8063432
6	11	vino.	2.987570106983185	2.707115
6	12	Mientras	7.483546253293753	7.7531567
6	13	que	0.7510418053716421	0.7475472
6	14	la	1.2807491952553391	1.2937748
6	15	práctica	8.06487476080656	8.04945
6	16	de	1.5066945049911737	1.5225037
6	17	cata	4.060398726258427	4.0424714
6	18	de	1.6608370537869632	1.680183
6	19	vinos	0.4643878862261772	0.439384
6	20	es	1.3799952352419496	1.3948758
6	21	tan	5.034845019690692	5.039874
6	22	antigua	1.3465450555086136	1.2128682
6	23	como	0.3276233160868287	0.46481332
6	24	su	5.18025491759181	5.1672754
6	25	producción,	6.3655708050355315	6.374205
6	26	una	5.446303945034742	5.4487658
6	27	metodología	6.978385927155614	6.973419
6	28	más	3.3583638058044016	3.3624117
6	29	formalizada	7.724835090339184	7.6615252
6	30	ha	2.474022729555145	2.540506
6	31	sido	0.8556395396590233	0.8523091
6	32	establecida	4.230790921486914	4.03884
6	33	desde	2.24871097644791	2.443266
6	34	fines	5.0906155063421465	5.094119
6	35	de	1.7596009855624288	1.7567133
6	36	la	1.180999148171395	1.1821214
6	37	Edad	2.13888755365042	2.1409802
6	38	Media	1.3904264718294144	0.0408635
6	39	en	1.9041776126250625	3.2470188
6	40	adelante.	7.5021363496780396	7.17166
6	41	Los	3.5152189768850803	3.8469467
6	42	catadores	7.240538965910673	7.2197313
6	43	de	0.6959011072758585	0.720189
6	44	vino	0.8448428101837635	0.7896284
6	45	profesionales	6.140870109200478	6.124461
6	46	de	3.8783434219658375	3.9273093
6	47	la	1.3533223997801542	1.3704025
6	48	modernidad	8.253141419962049	8.132221
6	49	usan	5.05521740205586	5.173548
6	50	terminología	7.667158614844084	7.640185
6	51	especializada	4.2185371071100235	4.032524
6	52	que	2.89234459400177	3.1001034
6	53	está	4.656653583049774	4.663302
6	54	en	2.842003148049116	2.8081234
6	55	constante	1.1151248139794916	1.1559225
6	56	evolución	1.36674103140831	0.3931218
6	57	para	1.5638558333739638	2.5350873
6	58	describir	2.7338161764200777	2.7089632
6	59	el	1.9634278798475862	1.9908769
6	60	rango	7.122556945309043	7.104854
6	61	de	0.2290241066366434	0.24076127
6	62	sabores,	6.486186547670513	6.488702
6	63	aromas	2.075591030297801	1.5369403
6	64	y	0.07195982150733471	0.60801524
6	65	características	3.6746466979384422	3.636427
6	66	del	1.6110750138759613	1.6561933
6	67	vino	0.8814393654465675	0.04820264
6	68	percibidos.	13.331795031670481	13.78582
6	69	En	2.9205597639083862	3.2803202
6	70	los	2.965915038017556	2.9844465
6	71	últimos	0.6879839439643547	0.6884079
6	72	años,	0.4536762931384146	0.4525458
6	73	han	4.2710778596811	4.2710996
6	74	emergido	4.816061710429494	4.815066
6	75	resultados	9.48866232484579	9.484779
6	76	que	2.092450394295156	2.0912786
6	77	desafiaban	13.987032358068973	13.991302
6	78	la	1.3890156105626374	1.3916496
6	79	confiabilidad	8.157623185659759	8.148704
6	80	de	0.5027403644053265	0.5128574
6	81	la	1.159144819714129	1.1573169
6	82	cata	1.0459638321772218	1.001798
6	83	de	0.3800374024431221	0.4261722
6	84	vinos	0.6117444952833466	0.23085919
6	85	tanto	7.075838046614081	7.4521604
6	86	en	1.4383079677354544	1.441115
6	87	expertos	8.320439878152683	8.31448
6	88	como	0.24303217919077724	0.25037464
6	89	en	0.08289714297279716	0.08152157
6	90	consumidores.	2.115718209184706	1.8269895
6	91	Por	3.2222403567284346	3.5032659
6	92	ejemplo,	1.096427478827536	1.1041034
6	93	algunos	3.8451643438311294	3.8458414
6	94	estudios	1.9434895757585764	1.9352012
6	95	mostraron	4.684515399159864	4.692601
6	96	que	0.1701825764030218	0.14257607
6	97	la	1.2626792592927814	1.291081
6	98	gente	6.078180302400142	6.0720983
6	99	espera	7.718625657493249	7.7236404
6	100	que	1.5508994406554848	1.5502208
6	101	los	1.910107935895212	1.9126389
6	102	vinos	0.2965363149996847	0.29319406
6	103	más	3.7862259875400923	3.7894864
6	104	caros	3.459692932665348	3.4356265
6	105	tengan	3.4842335548382835	3.5080087
6	106	más	1.8538325355621055	1.8534111
6	107	características	5.08411817252636	4.945963
6	108	deseables	8.154142171144485	7.5928407
6	109	que	1.3270472942385823	2.0271368
6	110	los	0.2646494416403584	0.2651451
6	111	vinos	0.2926429217477562	0.292511
6	112	menos	4.80283088813303	4.8026514
6	113	caros:	7.205296098603867	7.1714897
6	114	cuando	5.614652239950374	5.646521
6	115	a	6.511135470122099	6.4782047
6	116	los	1.3722121848841198	1.4072129
6	117	catadores	5.867132858373225	5.865028
6	118	les	1.1150243149022572	1.1168404
6	119	dan	5.952108212397434	5.951627
6	120	vino	5.344193480908871	5.282028
6	121	y	4.716228423640132	4.7645144
6	122	les	1.9412302852142602	1.9555054
6	123	dicen	1.2613018724077847	1.1969792
6	124	que	0.5611955435015261	0.62013245
6	125	es	2.394285250455141	2.3930879
6	126	caro,	2.7552496484131552	2.7617342
6	127	ellos	2.8409541922155768	2.838622
6	128	casi	6.801617122604512	6.8041477
6	129	siempre	0.9809670215472579	0.9797443
6	130	reportan	7.001948239747435	6.9984126
6	131	que	0.8796959654428065	0.8802092
6	132	sabe	8.597632138989866	8.591105
6	133	mejor	4.673197984695435	4.524269
6	134	que	0.48262293031439185	0.6422768
6	135	el	1.9552643172210082	1.9545112
6	136	mismo	5.458197394385934	5.44345
6	137	vino	0.9030769169330597	0.5565134
6	138	cuando	4.393548927269876	4.7531433
6	139	les	4.1857885553035885	4.1876364
6	140	dicen	0.9691583140229341	0.9569016
6	141	que	0.1437677899375558	0.1565762
6	142	no	4.272514283657074	3.9242396
6	143	es	0.7708706110715866	0.90223646
6	144	caro.	1.2116922555724159	1.2597007
6	145	Otros	3.985310446470976	4.1025305
6	146	estudios	0.7297804020345211	0.73204994
6	147	muestran	2.2569044788833708	2.3033528
6	148	que	0.1139136254787445	0.08441746
6	149	el	2.5285920568276197	2.5603542
6	150	juicio	6.249678284861147	6.2485056
6	151	de	0.9067016915068962	0.9092215
6	152	los	0.5551540462329285	0.5550732
6	153	catadores	1.3291828801156953	1.3218895
6	154	puede	3.543207468930632	3.549365
6	155	ser	1.2970435452880338	1.2967008
6	156	sesgado	9.275762036442757	9.143581
6	157	si	3.1910601635463536	3.3211765
6	158	conocen	8.252812363789417	8.2553625
6	159	los	2.731724524506717	2.732703
6	160	detalles	4.649313218891621	4.632826
6	161	de	0.9766044768039137	0.9931363
6	162	un	2.49961740890285	2.4996424
6	163	vino,	2.4552171684335917	2.4549785
6	164	como	2.368325272575021	2.3622408
6	165	el	1.8830237443908118	1.8889966
6	166	origen	4.820460766553879	4.4188175
6	167	geográfico,	6.080834219843382	6.482503
6	168	su	4.332911952980794	4.3321056
6	169	reputación	5.873291748110205	5.349196
6	170	u	5.2540498524322174	5.778635
6	171	otras	1.1163032215554267	1.1138673
6	172	consideraciones.	5.133803254575469	4.958314
6	173	La	2.4148565462091938	2.5928924
6	174	cata	0.6397595445159823	0.63446885
6	175	de	0.16187792132404866	0.16773911
6	176	vinos	0.21072358003584668	0.17623743
6	177	objetiva	8.984878733754158	8.921359
6	178	requiere,	11.509365262463689	11.606707
6	179	por	0.8115780465304852	0.8122031
6	180	lo	0.44645545067396597	0.4465448
6	181	tanto,	0.15240264384192415	0.15210938
6	182	que	1.645715843536891	1.644864
6	183	el	2.197144507546909	2.1967678
6	184	vino	4.991051143500954	4.9866962
6	185	sea	1.2845598137937486	1.2880191
6	186	servido	7.205245658929925	7.179535
6	187	a	2.682540055597201	2.7094388
6	188	ciegas	6.595779727271292	5.841973
6	189	–esto	15.657339869067073	16.396164
6	190	es,	0.7636303968029097	0.77940005
6	191	sin	1.7884319578297436	1.7869419
6	192	que	2.1437669466249645	2.1442487
6	193	el	1.4690482758451253	1.4691244
6	194	catador	2.3923090822063386	2.3888066
6	195	haya	3.930879090388771	3.9348655
6	196	visto	1.929707307368517	1.8958118
6	197	la	2.4431753287353786	2.4778605
6	198	etiqueta	3.5317599292611703	3.243222
6	199	o	2.04372928943485	2.3234925
6	200	la	2.4400580135261407	2.4487903
6	201	forma	6.655926760286093	6.638789
6	202	de	1.6193841056374367	1.6363922
6	203	la	1.8728881532515516	1.8731165
6	204	botella.	1.932080925689661	1.7240726
6	205	La	1.969775471399771	2.1776307
6	206	cata	0.3350298262666911	0.32919225
6	207	a	5.824978098738939	5.8247967
6	208	ciegas	0.651884083810728	0.6102043
6	209	puede	2.83030497841537	2.8695004
6	210	involucrar	5.98159312736243	5.9676766
6	211	también	5.219109875150025	5.235925
6	212	que	3.681905505247414	3.6792142
6	213	se	3.57791212759912	3.584159
6	214	sirva	5.460357429925352	5.459261
6	215	el	1.5334618101915112	1.5368196
6	216	vino	0.07430392690002918	0.05811792
6	217	en	1.7508730934932828	1.7601045
6	218	una	1.6393532929068897	1.6461656
6	219	copa	3.958492342149839	3.73981
6	220	de	1.9126854630594607	2.1314201
6	221	vino	2.8770414292812347	2.591557
6	222	negra,	7.895623019867344	8.1809225
6	223	para	4.714234558166936	4.7133856
6	224	cubrir	7.174316450022161	7.167353
6	225	el	1.6035820456745569	1.6115088
6	226	color	4.564070411026478	4.448616
6	227	del	1.9214046587003395	2.0363755
6	228	vino.	1.9047901779413223	1.6837499
7	0	El	16.824489414691925	16.613258
7	1	jugo	13.516556590795517	14.1344
7	2	de	0.8285868717357516	0.97114563
7	3	naranja	5.317351318895817	4.9440002
7	4	es	2.900293730199337	3.2596705
7	5	un	1.3099962202832103	1.3224912
7	6	jugo	2.1495696646161377	2.1430852
7	7	de	2.1981329573318362	2.2048316
7	8	frutas	1.7667900994420052	1.6898452
7	9	en	4.774133548140526	4.6925592
7	10	forma	1.3377565387636423	1.4982892
7	11	de	0.11077060084789991	0.10753893
7	12	líquido	5.887352600693703	5.6691246
7	13	obtenido	5.916567098349333	6.1355896
7	14	de	1.4609309355728328	1.4627031
7	15	exprimir	17.565096916630864	17.51922
7	16	el	1.8459102739579976	1.8876197
7	17	interior	6.867392607964575	6.867257
7	18	de	0.2797640897333622	0.28482172
7	19	las	0.8283226571511477	0.8282386
7	20	naranjas,	4.120320184505545	4.10202
7	21	generalmente	4.540319612249732	4.5334396
7	22	con	2.693837806582451	2.7022264
7	23	un	2.1410018783062696	2.1481338
7	24	exprimidor.	12.116809695959091	11.7844305
7	25	Sus	6.336055268533528	6.6658783
7	26	usos	4.760827578604221	4.7617903
7	27	culinarios	5.879018724896014	5.875516
7	28	son	1.8540294840931892	1.802731
7	29	diversos,	4.3559922110289335	4.414703
7	30	aunque	3.3284395709633827	3.3220072
7	31	principalmente	4.145014060661197	4.136174
7	32	se	0.8522836982738227	0.8745997
7	33	consume	3.654670245014131	3.6469665
7	34	como	1.056311285123229	1.051974
7	35	refresco.	5.793862851569429	5.3160963
7	36	Hoy	6.6169506292790174	7.079179
7	37	en	0.24900396657176316	0.27791613
7	38	día	0.3193988651037216	0.031063383
7	39	puede	4.931377770379186	5.2018275
7	40	adquirirse	4.142641978338361	4.1505294
7	41	exprimido	11.31321519613266	11.233354
7	42	en	0.6257888302206993	0.68268126
7	43	casi	6.122799645643681	6.1564646
7	44	cualquier	1.2451690752059221	1.2345434
7	45	supermercado,	2.6971281848382205	2.7045507
7	46	en	3.0627210810780525	3.0425045
7	47	sus	6.291027616709471	6.2979336
7	48	versiones	1.2989587057381868	1.2937326
7	49	con	4.189995646476746	3.7995727
7	50	y	3.3810651877429336	3.7936637
7	51	sin	0.007435189560055733	0.0014243706
7	52	pulpa.	7.074371710419655	6.5677824
7	53	Si	4.288874676451087	4.779249
7	54	bien	2.351672012358904	2.337661
7	55	ya	6.222828037105501	6.251615
7	56	contiene	7.904501998797059	7.8942337
7	57	gran	5.3263929933309555	5.2034426
7	58	cantidad	0.09302531694993377	0.22956572
7	59	de	0.021803333424031734	0.016801164
7	60	vitamina	3.4401974459178746	3.4467359
7	61	C	1.3733829855918884	0.08287851
7	62	en	4.163110987748951	5.4507427
7	63	su	0.5844208747148514	0.57292163
7	64	versión	5.416617554612458	5.4248753
7	65	natural,	2.8783650477416813	2.8832772
7	66	algunas	5.9376345900818706	5.938428
7	67	fábricas	6.641318873749697	6.616187
7	68	añaden	4.174138156697154	4.1803293
7	69	ácido	3.0684859291650355	3.088978
7	70	cítrico	0.8320674990682164	0.47574747
7	71	o	2.6743573313578963	3.0178208
7	72	vitamina	4.4790109363384545	4.49293
7	73	C	2.621772922575474	2.5222003
7	74	a	1.7576232058927417	1.8512993
7	75	sus	2.2354740519076586	2.231105
7	76	productos,	3.659354792907834	3.665089
7	77	además	5.031860865652561	5.0209737
7	78	de	0.09760469710454345	0.10997233
7	79	otros	2.003186786547303	1.9986979
7	80	nutrientes	3.6633804899756797	3.1669977
7	81	como	1.2073373962193727	1.6841991
7	82	el	1.5743287610821426	1.5994614
7	83	calcio	3.253004491329193	2.385171
7	84	y	0.7996744778938591	1.6677971
7	85	la	2.1911177737638354	2.1786616
7	86	vitamina	0.8095355497207493	0.82338554
7	87	D.	4.043604224920273	3.4158535
7	88	El	1.4066750794881955	2.0350056
7	89	jugo	0.052403972164029256	0.050540328
7	90	de	0.07849001255817711	0.08021197
7	91	naranja	0.09045898288604803	0.033514816
7	92	se	2.065478220465593	2.1217558
7	93	utiliza	2.266961008310318	2.2314675
7	94	en	1.2525691934861243	1.2836766
7	95	muchos	2.7790380048099905	2.7814317
7	96	desayunos	6.870682115550153	6.284064
7	97	del	4.607820875942707	5.18102
7	98	mundo;	6.37162421643734	6.3801975
7	99	también	3.3641264578327537	3.361513
7	100	se	0.8141547863197047	0.8247846
7	101	emplea	3.3401770358905196	3.3325238
7	102	en	0.7842480971012264	0.79043806
7	103	la	1.5480045031290501	1.5478489
7	104	elaboración	1.7148993364535272	1.7160715
7	105	de	0.049711355241015553	0.04893872
7	106	algunos	3.8519199513830245	3.8522964
7	107	tragos	5.661113191395998	5.177089
7	108	como	1.6370610008016229	2.1146176
7	109	el	0.6090600863099098	0.61436385
7	110	destornillador	16.527969166869298	15.982904
7	111	o	1.6717475224286318	2.212277
7	112	la	1.5378319509327412	1.5383053
7	113	sangría.	9.246842503547668	8.650789
7	114	Por	4.209418416954577	4.8037877
7	115	su	1.4651215795893222	1.4702122
7	116	carácter	5.418293684255332	5.4176617
7	117	ácido,	3.3877802062779665	3.3903651
7	118	se	2.1392660113051534	2.1400888
7	119	emplea	2.337203207425773	2.3256474
7	120	en	0.9876429056748748	0.99818254
7	121	la	1.141748593421653	1.1394008
7	122	elaboración	1.1867692830273882	1.1890953
7	123	de	0.04920385801233351	0.048875947
7	124	salsas	4.508184948354028	4.02025
7	125	agridulces	8.819571430503856	8.7482
7	126	o	2.110335842240602	2.6659002
7	127	en	1.966261262074113	1.9656614
7	128	preparaciones	4.0611963459523395	4.0655737
7	129	como	3.019623848842457	3.0178444
7	130	el	1.1506453335750848	1.1510947
7	131	cebiche	10.753100395202637	10.190662
7	132	o	1.5259698479203507	2.0902224
7	133	algunas	8.624131876567844	8.624382
7	134	vinagretas	8.778303589147981	7.1426272
7	135	para	3.2835228361655027	4.9188466
7	136	ensaladas.	5.7380693927407265	5.214695
7	137	A	5.044947057962418	5.2713304
7	138	veces	2.141825720667839	2.2958765
7	139	se	0.364879897038918	0.5087877
7	140	utiliza	2.4040207429789007	2.3981435
7	141	en	1.12750793795567	1.1319346
7	142	la	1.5134167456999421	1.5142952
7	143	preparación	1.2790810007136315	1.2793255
7	144	de	0.036674911447335035	0.036392223
7	145	alimentos	5.144567113369703	5.1064267
7	146	como	1.4431397174485028	1.4772514
7	147	un	4.760988445486873	4.7598157
7	148	ingrediente	3.567096485727234	3.5616515
7	149	más,	8.346274063689634	8.356478
7	150	por	3.5000329005124513	3.5010624
7	151	ejemplo,	1.7866771733388305	1.7865173
7	152	en	0.6547631201101467	0.6537476
7	153	la	1.3365145768038929	1.3370106
7	154	preparación	1.3727364240330644	1.3732054
7	155	de	0.0928585696965456	0.092237905
7	156	tortas	6.614617854356766	6.157588
7	157	y	1.9587717866525054	2.4124908
7	158	postres.	4.587093170674052	4.0706515
8	0	La	15.981478542089462	16.193132
8	1	apicultura	19.591762751340866	19.58065
8	2	es	4.000400500372052	4.3321943
8	3	la	2.439624405000359	2.4560802
8	4	actividad	3.256509529426694	3.25505
8	5	dedicada	4.783146485220641	4.7819467
8	6	a	0.5527783005964011	0.55792445
8	7	la	0.2747112372890115	0.2740867
8	8	crianza	4.258908844552934	4.1666603
8	9	de	0.4970165444537997	0.58582944
8	10	las	2.4675597022287548	2.4679132
8	11	abejas	2.809895610436797	2.3064222
8	12	y	1.2593154087662697	1.7461612
8	13	a	2.0252782749012113	2.0435855
8	14	prestarles	10.530666576698422	10.509137
8	15	los	2.9046369013376534	2.9261231
8	16	cuidados	0.3691877597011626	0.35236654
8	17	necesarios	1.0059865112416446	0.7012969
8	18	con	4.556420331820846	4.8715343
8	19	el	0.8704890761291608	0.87923306
8	20	objetivo	2.974179847165942	2.9686425
8	21	de	0.0495682442560792	0.046117626
8	22	obtener	2.181167211383581	2.148489
8	23	y	4.189559336286038	4.226435
8	24	consumir	4.240270858164877	4.2099423
8	25	los	1.9132584044709802	1.9414307
8	26	productos	1.0981073398143053	1.0804603
8	27	que	1.6853247564285994	1.6988472
8	28	son	3.722564132884145	3.7171655
8	29	capaces	6.413190030696569	6.425347
8	30	de	0.018039321526885033	0.019220768
8	31	elaborar	4.052721379324794	3.6797423
8	32	y	2.9741894491016865	3.3368635
8	33	recolectar.	7.530326662585139	6.9383388
8	34	El	3.440962170250714	4.03779
8	35	principal	5.744299158453941	5.7416735
8	36	producto	2.61445265263319	2.6143045
8	37	que	2.2255844827741385	2.234341
8	38	se	0.4456982584670186	0.44474217
8	39	obtiene	1.071151651442051	1.0607535
8	40	de	0.9363436466082931	0.948364
8	41	esta	1.2373546359594911	1.2389503
8	42	actividad	0.1253930665552616	0.08993755
8	43	es	0.28745018504559994	0.3084263
8	44	la	0.8826214565197006	0.8975696
8	45	miel.	2.2473700493574142	1.6122756
8	46	La	1.7458879621699452	2.3784578
8	47	obtención	5.680867988616228	5.6670012
8	48	de	0.15247870050370693	0.16607927
8	49	la	0.8761212321696803	0.8782031
8	50	miel	0.11067835241556168	0.051510632
8	51	es	1.2464210642501712	1.2918948
8	52	doblemente	11.311308106407523	11.311525
8	53	beneficiosa	3.2255702828988433	2.756131
8	54	para	0.5084802694618702	0.98781407
8	55	los	2.474088056012988	2.46851
8	56	seres	1.4681681671645492	1.4776247
8	57	humanos.	2.285923644900322	2.1211476
8	58	Por	1.7302937675267458	1.8755993
8	59	un	0.2887530425796285	0.30812588
8	60	lado,	0.4550553816370666	0.44939142
8	61	este	6.325628860853612	6.3208685
8	62	producto	0.5755049530416727	0.5650287
8	63	se	2.4194360664114356	2.4363508
8	64	consume	4.746410237625241	4.7293673
8	65	de	2.6721024458529428	2.6932883
8	66	manera	1.135604243259877	1.1315869
8	67	directa,	3.9675855096429586	3.9672675
8	68	y	2.070409532636404	2.0339963
8	69	por	0.3032250781543553	0.34340993
8	70	otro	0.8032505065202713	0.17799827
8	71	lado,	0.6893646474927664	1.3139453
8	72	su	4.499219096265733	4.488198
8	73	producción	2.046955293044448	2.0312853
8	74	facilita	6.752413005800918	6.7739387
8	75	la	0.8730105399154127	0.8764024
8	76	polinización	9.63561082148226	9.417924
8	77	de	0.3884513038210571	0.6096559
8	78	plantas	4.5369453728199005	4.1202025
8	79	y	1.2160153398290277	1.6231517
8	80	flores.	6.383677303791046	5.6136417
8	81	Durante	5.487525870092213	6.265642
8	82	muchos	3.4898015493527055	3.4888465
8	83	siglos,	2.158311012899503	2.1591468
8	84	los	2.091793636791408	2.0922952
8	85	apicultores	3.5731352840084583	3.5579522
8	86	gozaron	9.17327469214797	9.18537
8	87	de	0.06744441296905279	0.069982246
8	88	gran	1.7646444286219776	1.7597817
8	89	prestigio.	4.591686271131039	4.480252
8	90	Las	4.368565757293254	4.4850655
8	91	diferentes	5.655300438404083	5.6545634
8	92	culturas	2.31840630620718	2.2660441
8	93	desde	6.594588995911181	6.6447787
8	94	el	1.8052260261029005	1.806166
8	95	Antiguo	2.829301959834993	2.8324003
8	96	Egipto	0.2879396826028824	0.13068008
8	97	valoraban	13.387045960407704	13.538017
8	98	esta	4.264713683514856	4.2706122
8	99	ocupación,	8.883629560936242	8.882099
8	100	ya	2.377673668670468	2.3798053
8	101	que	0.05202070623636246	0.03343516
8	102	proveía	8.42078690417111	8.432605
8	103	el	3.5900785704143345	3.593774
8	104	único	5.738933957880363	5.7400866
8	105	edulcorante	8.68470924848225	8.661785
8	106	conocido	2.8468960523605347	2.4137974
8	107	hasta	1.4929868126055226	1.9511198
8	108	la	1.1066663300734945	1.1070535
8	109	Edad	4.0542881312721875	4.0544415
8	110	Media.	0.5550870485603809	0.3590179
8	111	Las	3.3962960123899393	3.5918515
8	112	actividades	5.54340083617717	5.542345
8	113	que	3.6897221523104236	3.6898973
8	114	desarrolla	4.863666921854019	4.657442
8	115	el	1.328539691399783	1.5347061
8	116	apicultor	0.3967092367820442	0.3388893
8	117	son	1.998149573802948	1.905416
8	118	diversas.	4.033450983464718	4.0829167
8	119	Durante	5.262016176828183	5.3633156
8	120	la	1.6553116425639018	1.6551766
8	121	primavera	3.290737509727478	2.6118135
8	122	y	1.09674689383246	1.7742655
8	123	el	0.5860387517896015	0.5889773
8	124	verano	1.2310450375080109	0.18800856
8	125	normalmente	9.52425591647625	10.501845
8	126	trabaja	3.521771796513349	3.5809898
8	127	con	1.749884037883021	1.754844
8	128	las	1.8184924684464931	1.819721
8	129	abejas	0.687313373433426	0.16259688
8	130	realizando	5.557793242391199	6.0800867
8	131	trabajos	4.423792647430673	4.423222
8	132	de	0.7195693915709853	0.721746
8	133	control	6.606987804174423	6.3818636
8	134	de	0.7299020086065866	0.95551693
8	135	población	6.597988665103912	5.8473353
8	136	y	0.685322105884552	1.4294677
8	137	extracción	8.07287983968854	7.9730787
8	138	de	0.06976645556278527	0.17620137
8	139	la	2.492202732624719	2.4924784
8	140	miel.	0.590808842331171	0.5479427
8	141	Durante	1.9057011453260202	1.9483696
8	142	el	0.8932548254233552	0.8935778
8	143	invierno	1.336608350276947	1.0370841
8	144	o	5.061852479353547	5.35708
8	145	estación	7.62926536554005	7.6333575
8	146	de	1.3732266158913262	1.3733082
8	147	receso,	11.404059193911962	11.4033165
8	148	el	2.8308437558589503	2.8306897
8	149	trabajo	3.508410618873313	3.5082366
8	150	consiste	2.192681916523725	2.1892571
8	151	en	0.05631367734167725	0.05993134
8	152	la	1.1790865478105843	1.179263
8	153	preparación	3.8860577170271426	3.8625455
8	154	del	2.455319824628532	2.4790144
8	155	material	3.2142153698951006	3.1883178
8	156	de	1.8740418201196007	1.9003054
8	157	madera	6.322613507509232	6.141922
8	158	para	1.074953451694455	1.2555372
8	159	la	0.7518879467388615	0.7510912
8	160	temporada	7.622612197883427	7.6097784
8	161	que	4.1459949989803135	4.159189
8	162	viene,	3.234951190650463	3.234666
8	163	en	3.187404764816165	3.1655772
8	164	donde	4.330361108761281	4.346138
8	165	alojará	11.785493705421686	11.788412
8	166	a	2.5688881942623993	2.5731425
8	167	las	0.27781145775225013	0.27772895
8	168	nuevas	4.808230969589204	4.8081737
8	169	familias.	9.74414911866188	9.584806
8	170	También	3.152715491130948	3.285653
8	171	debe	4.874009161256254	4.899554
8	172	advertir	9.023559581488371	8.99811
8	173	posibles	5.476565418037353	5.502796
8	174	enfermedades	1.9932050704956055	1.8532952
8	175	o	2.4511880115023814	2.5904756
8	176	plagas	1.9374270893167704	1.6064484
8	177	de	1.7403281324077398	2.0719233
8	178	las	0.7682122623518808	0.7684714
8	179	poblaciones	8.300150737166405	8.129097
8	180	de	0.8353883131785551	1.006382
8	181	abejas	0.9069360289722681	0.23982394
8	182	para	2.8646591493161395	3.5302477
8	183	poder	2.2771769296377897	2.2712924
8	184	tratarlas	7.689890642184764	7.020491
8	185	a	3.9597634770034347	4.636576
8	186	tiempo.	0.5594875514507294	0.31714565
9	0	La	15.981478542089462	16.193132
9	1	bandera	11.578521519899368	11.692051
9	2	nacional	6.405712127685547	6.1459684
9	3	es	5.476835198700428	5.9100075
9	4	una	2.0821804185397923	2.1292446
9	5	bandera	0.4995837528258562	0.4851133
9	6	que	2.3336195331066847	2.3430302
9	7	representa	0.951513459905982	0.9400625
9	8	a	1.2599975047633052	1.2756314
9	9	un	2.6212882506661117	2.6271849
9	10	país,	2.258335007354617	2.2415602
9	11	que	3.0132428659126163	3.0222979
9	12	indica	5.915667737834156	5.9168196
9	13	nacionalidad.	11.37839862704277	10.96684
9	14	Es	3.2560840882360935	3.6231067
9	15	uno	4.691894051618874	4.735792
9	16	de	0.017104092170484364	0.025252193
9	17	los	0.031823500466998667	0.03231715
9	18	símbolos	0.10862345667555928	0.10227061
9	19	más	1.1385580729693174	1.1400148
9	20	importantes	1.6156914196908474	1.5924567
9	21	que	3.3790587298572063	3.3987465
9	22	tiene	2.7909201150760055	2.786004
9	23	una	3.848373465705663	3.855376
9	24	nación.	1.4626220762729645	1.1001209
9	25	La	1.7575847143307328	2.124974
9	26	bandera	0.07431062404066324	0.06668516
9	27	nacional	0.5344392880797386	0.50419116
9	28	sirve	5.306063801050186	5.3355365
9	29	para	0.5655011171475053	0.5650314
9	30	representar	1.6544995419681072	1.640242
9	31	al	2.8754680338315666	2.8968625
9	32	país	0.8886559009552002	0.41380423
9	33	en	1.2986704129725695	1.7731488
9	34	el	1.4916754490695894	1.4944638
9	35	extranjero,	3.3702978184446692	3.3580713
9	36	pero	3.0225715693086386	3.0292692
9	37	también	0.32102856133133173	0.31608686
9	38	como	4.017702281940728	4.022869
9	39	representación	4.135364844463766	4.131085
9	40	de	0.580510915722698	0.5857225
9	41	los	1.9852376990020275	1.9801487
9	42	ciudadanos	2.219980590045452	2.1355665
9	43	o	5.992316130548716	6.0557504
9	44	del	3.674096600152552	3.7015295
9	45	gobierno	2.362727552652359	1.9674599
9	46	en	1.8102004583925009	2.2055101
9	47	el	1.0884034181945026	1.0856714
9	48	propio	3.746202119626105	3.7507575
9	49	país.	0.8550862558186054	0.2558114
9	50	Cuando	5.108729294501245	5.70004
9	51	la	2.3284505277406424	2.3366919
9	52	bandera	0.10439060057979077	0.10509907
9	53	nacional	0.11953756585717201	0.10323593
9	54	se	1.8892563846893609	1.9023123
9	55	usa	2.5367847979068756	2.3784542
9	56	en	1.0273842243477702	1.1881157
9	57	el	1.5694587221369147	1.5699027
9	58	mar	9.794869542121887	8.746314
9	59	se	2.5357374753803015	3.5807347
9	60	denomina	3.042142003774643	3.039968
9	61	pabellón	8.202831981703639	8.015575
9	62	nacional.	1.8886535167694092	1.4644281
9	63	Existen	5.677647810894996	6.28973
9	64	tres	3.183310858439654	3.1880994
9	65	categorías	4.715734288096428	4.6413608
9	66	de	0.24313955707475543	0.31572998
9	67	banderas	3.0317685939371586	2.8530369
9	68	nacionales,	2.943381706252694	3.1125321
9	69	según	3.012781199067831	3.0207677
9	70	su	1.8047521421685815	1.8078356
9	71	uso:	2.157768949866295	1.916369
9	72	La	3.152873607701622	3.39538
9	73	bandera	0.12204882828518748	0.11825425
9	74	civil,	7.389662318630144	7.3931403
9	75	la	0.6684928850154392	0.66976386
9	76	bandera	0.2062617281335406	0.20641398
9	77	de	1.993910341116134	1.9938631
9	78	guerra	2.4756423830986023	2.3414712
9	79	y	0.10963607812300324	0.24227387
9	80	la	0.0362910772964824	0.0380833
9	81	bandera	0.02088909433223307	0.018440241
9	82	institucional.	6.90497932350263	6.3375015
9	83	Cuando	4.944029429461807	5.5114
9	84	ocurre	7.248513625236228	7.2474647
9	85	un	0.7020363637711853	0.704175
9	86	trágico	6.149209183757193	6.1483045
9	87	suceso	1.6737208996200934	1.3644353
9	88	nacional	4.551066040992737	4.1394105
9	89	o	1.2963708969764411	2.0169656
9	90	fallece	11.553396969800815	11.552679
9	91	una	2.102241828222759	2.1050336
9	92	persona	0.5457223206758499	0.22735915
9	93	que	2.4752331662457436	2.79265
9	94	se	2.5929040061309934	2.5905113
9	95	desea	6.902569642988965	6.9029613
9	96	honrar,	3.5483885492431	3.550486
9	97	las	4.261218990664929	4.2616405
9	98	banderas	0.6010883066046517	0.6002893
9	99	nacionales	0.5836351439356804	0.5705806
9	100	ondean	12.93899855017662	12.786688
9	101	a	3.1490965969860554	3.3126059
9	102	media	4.6363568909000605	4.637541
9	103	asta	0.9291973514482379	0.27365717
9	104	en	1.4056134078418836	2.0620973
9	105	señal	4.70720697613433	4.7081647
9	106	de	0.019614929566159844	0.0194925
9	107	duelo.	3.9874781108810566	3.6510842
9	108	Si	3.875172793865204	4.2008076
9	109	el	2.1766874473541975	2.1866205
9	110	mástil	11.628174488432705	11.623253
9	111	o	4.0035847262479365	4.0075383
9	112	asta	7.493378339800984	7.4909873
9	113	no	3.227486332471017	3.2319226
9	114	permite	6.658058350905776	6.6502113
9	115	este	4.9127241903916	4.915168
9	116	tipo	2.230386526149232	2.2357063
9	117	de	0.004013936559204012	0.0039286828
9	118	izado,	11.086456527467817	11.08634
9	119	se	1.1242258689017035	1.1247926
9	120	debe	4.355678644613363	4.3547525
9	121	colocar	1.708209851756692	1.7064784
9	122	un	2.0132701504044235	2.0149717
9	123	crespón	11.518312381580472	11.346785
9	124	negro	5.583927750587463	5.579062
9	125	en	1.3919376253616065	1.5677257
9	126	el	1.0088279659394175	1.0100822
9	127	paño,	12.135379241779447	12.133997
9	128	pero	4.988860916346312	4.982928
9	129	nunca	4.172142246738076	4.174349
9	130	las	5.826749555068091	5.8313065
9	131	dos	5.214662920683622	5.1671553
9	132	cosas	5.5863931477069855	5.4038963
9	133	a	3.792604114394635	4.021987
9	134	la	0.037647374176231096	0.039624188
9	135	vez.	0.4746785406023264	0.22694193
9	136	En	2.796993061900139	3.0281067
9	137	algunos	3.7720948988571763	3.788412
9	138	países	0.8589499294757843	0.42881006
9	139	islámicos,	7.746610546368174	8.176245
9	140	en	4.039440647233278	4.0334263
9	141	los	1.9797429428144824	1.9862478
9	142	que	0.5126045315992087	0.51068205
9	143	la	1.4190834842884215	1.4212188
9	144	bandera	0.10473272018134594	0.10277522
9	145	contiene	8.805687437299639	8.805351
9	146	el	1.880930699990131	1.8825328
9	147	nombre	1.9980644541792572	1.9946535
9	148	de	0.5530463074683212	0.5565561
9	149	Alá	5.626219257712364	4.6783185
9	150	(como	8.626134121324867	9.570025
9	151	la	2.9405143009498715	2.9441214
9	152	de	2.875598402984906	2.875909
9	153	Arabia	1.8371224235743284	1.8157108
9	154	Saudita	1.7847339864820242	0.5551054
9	155	o	0.5391046940349042	1.787988
9	156	Irán),	3.268963838519994	3.271253
9	157	está	6.111401467089308	6.1116624
9	158	prohibido	0.4368103975430131	0.43103862
9	159	ondear	10.408185013569891	10.401473
9	160	la	0.6801957488851258	0.6930863
9	161	bandera	0.10502453055232763	0.014972805
9	162	a	4.258815325796604	4.2804503
9	163	media	0.433677850625827	0.50186956
9	164	asta	1.573084554504021	0.00704663
9	165	debido	3.882537489524111	5.4467096
9	166	al	1.9524766082176939	1.9539077
9	167	contenido	4.517214613966644	4.51495
9	168	sagrado	5.040853225975297	4.9219184
9	169	inscrito	11.526488781906664	11.59708
9	170	en	0.0609713044250384	0.11125645
9	171	ella.	1.949045106768608	1.6899316
9	172	En	2.108483426272869	2.3557765
9	173	cambio,	3.6209044097631704	3.6332936
9	174	se	3.0400070938339923	3.039989
9	175	usa	2.617598708719015	2.6116142
9	176	una	2.7941315222124103	2.8004622
9	177	bandera	0.194406074937433	0.19230701
9	178	de	2.2490016472293064	2.2507873
9	179	color	2.5779922176152468	2.5537102
9	180	negro	2.760269433259964	2.4974036
9	181	junto	5.909974494599737	6.1963058
9	182	a	1.0597889015771216	1.060823
9	183	la	0.7502633318654262	0.74986184
9	184	enseña	6.236708449199796	6.1794386
9	185	nacional	2.378643274307251	1.8299611
9	186	en	2.2354783774353564	2.8412085
9	187	ocasiones	4.80217843875289	4.762889
9	188	de	2.946672116406262	2.9858932
9	189	duelo	6.740981758572161	5.900207
9	190	nacional.	3.468479663133621	3.9090648
9	191	Las	3.4358717507857364	3.8367
9	192	banderas	0.19329761021072045	0.18927583
9	193	nacionales,	4.743487193947658	4.746965
9	194	como	2.2231964381644502	2.2223005
9	195	signo	8.263112041400746	8.261757
9	196	de	0.2964112373883836	0.29913414
9	197	identificación	4.884896162897348	4.4699554
9	198	colectiva	6.109663214534521	5.2775416
9	199	desvinculado	16.650757524184883	17.887127
9	200	del	1.0799566303612664	1.0904058
9	201	estandarte	8.983895846642554	8.735054
9	202	personal	6.37961208820343	5.6731014
9	203	de	1.1555746679950971	2.1110258
9	204	un	1.0334383526351303	1.0322659
9	205	rey,	5.521110365982167	5.5222387
9	206	señor	10.214895069599152	9.902709
9	207	o	0.2260016470681876	0.53729534
9	208	linaje,	10.633786820573732	10.634643
9	209	son	1.9596318639814854	1.9467975
9	210	un	3.0824813996441662	3.0921361
9	211	fenómeno	7.368857813766226	7.370716
9	212	relativamente	3.8394911983632483	3.8412178
9	213	reciente,	2.3829995734849945	2.3820715
9	214	ya	3.0723617399926297	3.073176
9	215	que	0.04769785888493061	0.03769501
9	216	se	1.8226280077651609	1.8325813
9	217	considera	5.0774166085757315	5.0733204
9	218	a	3.9801869429647923	3.979484
9	219	la	1.3482067643853952	1.3532012
9	220	bandera	0.0696402876637876	0.06266116
9	221	de	3.559202943230048	3.5656385
9	222	Dinamarca	9.359588712453842	9.149542
9	223	como	0.7019032234675251	0.91191256
9	224	la	1.5282796719693579	1.5284615
9	225	bandera	1.2195681502926163	1.2195543
9	226	nacional	0.5891978740692139	0.34028974
9	227	más	1.5746275832570973	1.8239577
9	228	antigua,	2.857933748397045	2.8570383
9	229	y	2.113906235434115	2.1060896
9	230	data	7.484557105228305	7.4880695
9	231	del	0.8511901997844689	0.8558136
9	232	siglo	0.2514955181395635	0.25055662
9	233	catorce.	15.834132089803461	15.62727
10	0	La	15.981478542089462	16.193132
10	1	Unión	9.763428270816803	9.57291
10	2	Internacional	6.911596363410354	7.418026
10	3	para	2.7317183417617343	2.7567275
10	4	la	0.13614736078307033	0.13336119
10	5	Conservación	2.0886151224840432	2.0905824
10	6	de	0.11861908723221859	0.11964489
10	7	la	0.07147873751819134	0.071085714
10	8	Naturaleza	0.42215282225515693	0.22664922
10	9	es	5.596288979053497	5.763703
10	10	una	0.7512284693657421	0.77926385
10	11	organización	0.16659043775871396	0.16411684
10	12	internacional	1.475024089217186	1.4107424
10	13	que	1.9190234681591392	1.9720104
10	14	trabaja	3.057344662025571	3.0674646
10	15	en	1.7112858844920993	1.7118189
10	16	el	1.7099439310841262	1.7104414
10	17	campo	2.608526871073991	2.6099846
10	18	de	0.10603377682855353	0.10692961
10	19	la	0.20603513589594513	0.20643997
10	20	conservación	0.24696434289216995	0.20419367
10	21	de	0.24150103179272264	0.28388423
10	22	la	0.12169244271353818	0.12203669
10	23	naturaleza	0.8955503925681114	0.06951063
10	24	y	0.7894171224907041	1.6049032
10	25	el	2.431986808194779	2.4415016
10	26	uso	4.6382177451159805	4.638913
10	27	sustentable	2.8935232092626393	2.8680513
10	28	de	0.2561237111221999	0.28112823
10	29	los	0.8184147491701879	0.819302
10	30	recursos	0.11696627736091614	0.038794413
10	31	naturales.	1.05967578291893	0.69250035
10	32	Está	4.032521746587008	4.474304
10	33	involucrada	5.8140292428433895	5.8061185
10	34	en	0.17990474170073867	0.18588832
10	35	la	0.9270446076989174	0.930975
10	36	recolección	7.180343086831272	6.6221304
10	37	y	1.354506594594568	1.9091697
10	38	análisis	3.679449233226478	3.6721478
10	39	de	0.08749587461352348	0.0983451
10	40	datos,	2.3527978803031147	2.3499827
10	41	investigación,	5.240293494658545	5.2415695
10	42	proyectos	6.453283816576004	6.229805
10	43	de	1.0967451750766486	1.3208978
10	44	trabajo	6.833702251315117	6.5905566
10	45	de	3.3697817545617	3.6139665
10	46	campo,	1.4083501151762903	1.4059858
10	47	defensa	6.540392950177193	6.483854
10	48	y	1.7310854878742248	1.7882712
10	49	educación.	4.9053608775138855	4.3348217
10	50	Su	3.5208771417383105	4.092399
10	51	misión	1.6484515890479088	1.64244
10	52	es	0.15090560726821423	0.14085391
10	53	“influenciar,	16.581988651072606	16.597631
10	54	alentar	4.796371531730983	4.5837626
10	55	y	0.06818694854155183	0.28110772
10	56	ayudar	3.354106241837144	3.341139
10	57	a	0.17041078605689108	0.18448271
10	58	las	1.6186651862226427	1.6156188
10	59	sociedades	3.8987461999058723	3.8388128
10	60	alrededor	6.94454609969398	7.00867
10	61	del	0.02323106308176648	0.023353525
10	62	mundo	0.07329411059617996	0.03141059
10	63	para	2.1155757878441364	2.1551337
10	64	conservar	4.65787678770721	4.5797205
10	65	la	1.1002831511432305	1.1798797
10	66	naturaleza	0.8100541234016418	0.29873532
10	67	y	0.45269928174093366	0.96090263
10	68	asegurar	4.452879211283289	4.455387
10	69	que	1.3841662080958486	1.3821262
10	70	el	2.769002641784027	2.7701752
10	71	uso	1.1756111267022789	1.1710664
10	72	de	1.1111097348621115	1.1171329
10	73	recursos	2.0522487522102892	2.0479372
10	74	naturales	0.16371780633926392	0.14997096
10	75	sea	0.8066145821940154	0.82384086
10	76	equitativo	4.945982646197081	4.292419
10	77	y	0.24099024990573525	0.89491665
10	78	ecológicamente	8.135554312029853	8.134893
10	79	sustentable.”	5.457059725886211	4.63533
10	80	A	5.413938343524933	5.901575
10	81	lo	3.057823797222227	3.3930845
10	82	largo	0.006572210055310279	0.006770764
10	83	de	0.051018847385421395	0.049038045
10	84	las	4.102674640715122	4.1027565
10	85	últimas	0.5188448954140767	0.5205148
10	86	décadas,	0.6630441886372864	0.65928495
10	87	la	0.6420028102584183	0.643666
10	88	organización	1.4212463174480945	1.4214072
10	89	ha	0.13434416218660772	0.13543315
10	90	ampliado	4.523166178143583	4.523666
10	91	su	0.38486262632068247	0.3849389
10	92	foco	8.28903632890433	8.229676
10	93	más	6.643114593811333	6.701402
10	94	allá	0.27732372120954096	0.27678177
10	95	de	0.18913818534929305	0.19118327
10	96	la	0.6528258277685381	0.6527797
10	97	ecología	5.015010629314929	4.565724
10	98	de	2.5100736562744714	2.9598556
10	99	la	0.5148307690396905	0.514393
10	100	conservación	1.4383768439292908	0.7892382
10	101	y	1.1759553430601954	1.8189346
10	102	ahora	5.195744744967669	5.196784
10	103	ha	4.690925196395256	4.69533
10	104	incorporado	5.1128807835048065	5.1076
10	105	problemas	6.575910415966064	6.578541
10	106	relacionados	2.3591698282398283	2.3607788
10	107	con	0.06161462073214352	0.06223705
10	108	el	1.4473524666100275	1.4490626
10	109	desarrollo	2.8410347998142242	2.644514
10	110	sustentable	3.928713039960712	3.3060083
10	111	en	1.7943364632083103	2.612501
10	112	sus	1.6008393621305004	1.6011599
10	113	proyectos.	5.32570880651474	4.701593
10	114	A	4.362111940979958	4.7961307
10	115	diferencia	4.390593447373249	4.580055
10	116	de	0.07149479218060151	0.07253393
10	117	otras	1.3127202886971645	1.3124927
10	118	organizaciones	0.3492836207151413	0.15911566
10	119	medioambientales	6.479080721604987	5.6952233
10	120	internacionales,	1.4627104557584971	2.4342313
10	121	no	3.732558722491376	3.7350574
10	122	apunta	8.284485200885683	8.277982
10	123	a	0.3814413485233672	0.38817134
10	124	movilizar	8.96831870614551	8.960969
10	125	al	4.485257259570062	4.4872546
10	126	público	1.4984807595610619	1.4229
10	127	en	1.1191785384726245	1.2006947
10	128	apoyo	8.797010762616992	8.789019
10	129	a	1.7531804321915843	1.7609633
10	130	la	1.1275283798604505	1.1276923
10	131	conservación	0.5677324831485748	0.2589216
10	132	de	0.44149625542922877	0.75038207
10	133	la	0.08696463736851001	0.087008566
10	134	naturaleza.	1.9601719407364726	1.5182694
10	135	En	3.0439064288511872	3.471787
10	136	vez	4.1967184618115425	4.0916433
10	137	de	0.03192269377177581	0.15039453
10	138	eso,	1.4164600752992555	1.4158863
10	139	la	1.1286280656931922	1.128097
10	140	organización	0.8304868806153536	0.82667243
10	141	trata	3.2734195680823177	3.2773643
10	142	de	0.5219087578589097	0.52233976
10	143	influenciar	5.717677031876519	5.6262712
10	144	las	2.6522135545383207	2.7442484
10	145	acciones	3.3526282850652933	3.33754
10	146	de	1.0160652444392326	1.0316238
10	147	los	0.7145726582384668	0.71383375
10	148	gobiernos,	2.000232022750424	2.0006166
10	149	las	2.007611572742462	2.007573
10	150	empresas	1.4355102181434631	1.1387277
10	151	y	0.16117918398231268	0.45466566
10	152	otros	3.2022256031632423	3.197751
10	153	agentes	3.1097386479377747	3.0336351
10	154	a	3.256467011058703	3.3384757
10	155	partir	5.3685377402289305	5.3707113
10	156	de	0.17806233512237668	0.17789581
10	157	la	1.7153668970568106	1.7146804
10	158	información	3.4341683350503445	3.402162
10	159	y	2.371930160559714	2.4015038
10	160	el	1.9934850496356376	1.9963262
10	161	asesoramiento,	9.674089797073975	9.673792
10	162	y	1.5566011928021908	1.5427277
10	163	a	3.5227250405587256	3.5326476
10	164	través	0.44692244281759486	0.45158917
10	165	de	0.14746275582001545	0.14721185
10	166	la	1.0187754282378592	1.0188223
10	167	construcción	5.185490580275655	5.1750646
10	168	de	0.12704753360594623	0.13751163
10	169	sociedades	6.106139533221722	6.0651627
10	170	entre	7.528605364263058	7.525476
10	171	las	1.1004735108581372	1.1442797
10	172	distintas	5.5347441887133755	5.534588
10	173	partes.	5.003666818141937	4.317926
10	174	La	1.1019324767403305	1.7869897
10	175	organización	2.3652607537806034	2.3491552
10	176	es	2.7482141396030784	2.7546222
10	177	más	4.3576264440780506	4.3678536
10	178	conocida	1.7418157458305359	1.7368224
10	179	para	5.331430945254397	5.336855
10	180	el	3.252893050084822	3.252727
10	181	público	6.719159534201026	6.702905
10	182	en	1.3206159493565792	1.3375235
10	183	general	0.24974556267261505	0.03939191
10	184	por	0.6526188320713118	0.86178696
10	185	compilar	11.532589722424746	11.50015
10	186	y	1.4428991988534108	1.4753194
10	187	publicar	1.0906908991746604	1.0879052
10	188	la	2.8919177388306707	2.8949633
10	189	“Lista	5.201037327409722	5.2014837
10	190	Roja	2.1051842072047293	1.4900614
10	191	de	0.3125161947100423	0.92763513
10	192	Especies	4.949585453607142	4.916503
10	193	en	3.572871595621109	3.601402
10	194	Peligro”,	4.451992743095616	4.454254
10	195	que	1.2920272527262568	1.291621
10	196	analiza	6.375086568295956	6.365384
10	197	el	2.647128371958388	2.6598568
10	198	estado	2.6189021290047094	2.61729
10	199	de	0.26505943638039753	0.26668677
10	200	conservación	2.027844184078276	2.021339
10	201	de	0.15139935683691874	0.15774742
10	202	las	1.0172626955318265	1.016799
10	203	especies	0.5209535360336304	0.34207407
10	204	alrededor	7.056793213530909	7.2364807
10	205	del	0.010104629283887334	0.010128293
10	206	mundo.	0.8799676094204187	0.48870674
10	207	Hoy	6.240130797028542	6.483916
10	208	en	0.14183686760952696	0.2892831
10	209	día,	0.174854158423841	0.17237094
10	210	la	0.5012725840788335	0.5033864
10	211	organización	0.7071937690488994	0.7014648
10	212	cuenta	2.9416737299470697	2.9473815
10	213	aproximadamente	8.26123747053498	8.261433
10	214	con	0.07287911287858151	0.07262839
10	215	mil	6.4450741820037365	6.431983
10	216	empleados	3.5212403535842896	3.1905985
10	217	de	3.72947847112664	4.0732255
10	218	tiempo	5.6867955327041955	5.6872673
10	219	completo	0.47549472213722765	0.00196288
10	220	en	1.5191896031901706	1.9923577
10	221	más	1.2927414809746551	1.293023
10	222	de	0.0069734048447571695	0.0065592704
10	223	cincuenta	3.752041456551524	3.7522125
10	224	países.	1.326674498617649	0.79863155
11	0	La	15.981478542089462	16.193132
11	1	patente	13.135398268699646	13.312801
11	2	de	3.14746405929327	3.3030658
11	3	un	5.249559536576271	5.2262177
11	4	vehículo	6.556010693311691	6.3974953
11	5	es	3.733875837177038	3.8824615
11	6	una	1.334480888210237	1.3668742
11	7	placa	8.523809641599655	8.499605
11	8	de	1.3755981419235468	1.4050456
11	9	metal	3.724410906434059	3.6175923
11	10	o	2.042472534812987	2.1438665
11	11	plástico	1.5730441436171532	1.3996654
11	12	fijada	7.394936681725085	7.562572
11	13	al	2.0918490337207913	2.098069
11	14	vehículo	1.4668202102184296	1.0904766
11	15	con	2.5639539882540703	2.943705
11	16	el	1.1622511083260179	1.1660098
11	17	propósito	2.1841824701987207	2.1791668
11	18	de	0.07784937415271997	0.071473464
11	19	identificación	7.842515021562576	7.588371
11	20	oficial.	6.1868191957473755	5.9057026
11	21	Todos	7.813386294059455	8.35844
11	22	los	0.053737873677164316	0.054837167
11	23	países	3.724387653172016	3.6750526
11	24	requieren	5.285740366205573	5.316819
11	25	patentes	5.40890803001821	5.3289833
11	26	para	0.9203127259388566	1.0150855
11	27	vehículos	2.0403048992156982	1.4538884
11	28	como	5.453766606748104	5.9830337
11	29	autos,	5.049642564728856	5.10809
11	30	camiones	2.2069354504346848	1.0219842
11	31	y	0.4001615345478058	1.5775224
11	32	motocicletas.	3.1744359532603994	2.617818
11	33	Su	5.2510330975055695	5.642728
11	34	requerimiento	6.470546931028366	6.6213517
11	35	para	2.9636424211785197	2.9861732
11	36	otros	8.326501667499542	8.318638
11	37	vehículos	1.1630479097366333	1.0710772
11	38	como	2.8961915215477347	2.983985
11	39	bicicletas,	3.374955686274916	3.3860915
11	40	botes	7.435466416180134	7.0784473
11	41	o	2.6413406557403505	2.9964314
11	42	tractores	4.316983789205551	4.1591296
11	43	puede	3.1089868545532227	3.267815
11	44	variar	2.3991921560373157	2.068858
11	45	por	3.94475422706455	4.276417
11	46	jurisdicción.	6.58283262886107	5.8226247
11	47	El	3.499465076252818	4.245902
11	48	identificador	9.840027919970453	9.844321
11	49	de	0.884037408977747	0.89608735
11	50	registro	6.793139951303601	6.7727175
11	51	es	3.375807549804449	3.3774357
11	52	una	1.7369859176687896	1.7525594
11	53	serie	2.9721995159052312	2.9726906
11	54	de	0.04864565376192331	0.04793008
11	55	letras	1.674058474600315	1.5880158
11	56	o	1.8715972806094214	1.9609888
11	57	números	0.4577869549393654	0.37142235
11	58	que	0.7182146329432726	0.7942503
11	59	identifican	2.354362528771162	2.360668
11	60	únicamente	9.463546917308122	9.466993
11	61	al	1.9490885571576655	1.9492103
11	62	dueño	7.722807261161506	7.676641
11	63	de	1.826985434629023	1.8729297
11	64	un	1.4410341360489838	1.4424014
11	65	vehículo	1.223500408232212	0.07181058
11	66	dentro	5.9760227490914986	7.1266713
11	67	de	0.33936124155297875	0.33911824
11	68	la	1.6753726000897586	1.673223
11	69	región	4.517002671957016	4.1521215
11	70	del	2.556243115803227	2.9225879
11	71	registro	2.788645625114441	2.2453609
11	72	del	1.6868091421201825	2.2308698
11	73	vehículo.	1.6669178009033203	1.22415
11	74	En	3.492270308546722	3.9214544
11	75	algunos	1.4882527675945312	1.5011665
11	76	países,	0.840135830338113	0.8412726
11	77	el	1.8317621685564518	1.8306845
11	78	identificador	1.8047708071535453	1.8058866
11	79	es	3.226145125925541	3.2232661
11	80	único	4.232433572411537	4.0235977
11	81	en	2.3982743427040987	2.6108832
11	82	todo	2.149101994233206	2.1490335
11	83	el	0.02372534543974325	0.023786537
11	84	país,	2.130366688594222	2.1283984
11	85	mientras	1.0442554952169303	1.0464503
11	86	que,	5.6430759825743735	5.639725
11	87	en	0.16347353692981414	0.16670164
11	88	otros,	0.40713736769976094	0.40703988
11	89	es	2.124421450542286	2.122436
11	90	único	2.4821361512877047	2.4821174
11	91	dentro	4.5853986262809485	4.5855703
11	92	de	0.17546152276918292	0.17730084
11	93	un	2.109552634647116	2.1065676
11	94	estado	3.534022271633148	2.8336682
11	95	o	1.1496343659237027	1.8501992
11	96	provincia.	2.7415879368782043	2.2151623
11	97	Francia	8.775306403636932	8.931027
11	98	fue	5.339220718713477	5.7107134
11	99	el	0.585892156464979	0.5882601
11	100	primer	0.46028847550041974	0.4598498
11	101	país	0.10353000089526176	0.097316325
11	102	en	0.31485104840248823	0.31949434
11	103	introducir	3.2166075112763792	3.1862636
11	104	la	1.7003946556942537	1.7325124
11	105	patente,	4.211042712908238	4.2074194
11	106	a	4.299120239447802	4.2957344
11	107	fines	2.937651466956595	2.9446955
11	108	del	0.8445725217461586	0.84288824
11	109	siglo	0.11348931211978197	0.11319989
11	110	diecinueve.	9.740826451830799	9.434359
11	111	Las	4.288321444531903	4.593337
11	112	patentes	1.0835892249306198	1.0760385
11	113	de	1.2126059123547748	1.2231635
11	114	principios	8.767028943810146	8.767033
11	115	de	1.5597779410600197	1.5601578
11	116	siglo	0.276138111948967	0.26206315
11	117	veinte	1.1283301264047623	1.0924562
11	118	variaban	9.579317764844745	9.613245
11	119	en	1.394825184601359	1.4098186
11	120	tamaño	2.4921231865882874	1.8803644
11	121	y	0.513268293812871	1.1086614
11	122	forma	5.150844097137451	3.8515508
11	123	de	1.9500964474864304	3.2644913
11	124	una	2.4350152290426195	2.4367156
11	125	jurisdicción	6.389753248513443	6.3738375
11	126	a	0.14291618592687882	0.15949625
11	127	otra,	1.2660882886266336	1.2655692
11	128	de	3.914101945469156	3.911688
11	129	manera	2.3790852210950106	2.3817978
11	130	que,	3.309025126101915	3.308773
11	131	si	2.7215967775555328	2.7206826
11	132	una	1.8654741630889475	1.8665125
11	133	persona	2.8393487026914954	2.8327165
11	134	se	3.123618596990127	3.1301749
11	135	mudaba,	10.010994475524058	10.011556
11	136	se	2.522455951781012	2.522454
11	137	necesitaba	1.9182443036697805	1.916413
11	138	hacer	5.107940346002579	5.1002107
11	139	nuevos	5.536352949711727	5.5459332
11	140	agujeros	8.752934519783594	8.692479
11	141	en	0.6424762354581617	0.7028553
11	142	el	1.1441079086798709	1.1439457
11	143	auto	6.203929960727692	5.9136724
11	144	para	0.7650160404737107	1.0548275
11	145	sostener	9.630943860858679	9.346256
11	146	la	1.4282372224552091	1.7135829
11	147	nueva	4.056876371381804	4.0551004
11	148	patente.	1.641455665230751	1.4817419
11	149	La	2.1756074146251194	2.3367615
11	150	estandarización	8.90485897473991	8.887459
11	151	de	0.6896828335593455	0.70715946
11	152	patentes	3.3773846479016356	3.3461432
11	153	llegó	5.605419536586851	5.634095
11	154	a	0.684668091009371	0.6869774
11	155	fines	4.802179182530381	4.802497
11	156	de	0.7444592625834048	0.7437862
11	157	los	1.3842664216645062	1.3825705
11	158	años	0.4192079824861139	0.419238
11	159	cincuenta,	3.107558155199513	3.109471
11	160	cuando	1.089949393644929	1.0796394
11	161	los	2.383342656190507	2.3939385
11	162	fabricantes	2.693290841183625	2.6867392
11	163	de	0.9348481504130177	0.9417475
11	164	automóviles	0.38325898675248027	0.36839184
11	165	llegaron	5.933078967384063	5.946795
11	166	a	0.12482486839871854	0.12567252
11	167	un	1.8959893755381927	1.8951459
11	168	acuerdo	0.05462620034813881	0.034308903
11	169	con	0.96718348946888	0.9881338
11	170	los	1.3254801871371455	1.3255605
11	171	distintos	7.344923844910227	7.3448005
11	172	gobiernos	1.5545206665992737	1.4985096
11	173	y	3.4064770732074976	3.4453895
11	174	organizaciones	4.013863004744053	3.990348
11	175	internacionales.	5.954580068588257	5.8913054
